Year,Province,Crop,Yield
2018,Newfoundland and Labrador,Barley,
2019,Newfoundland and Labrador,Barley,0
2020,Newfoundland and Labrador,Barley,
2021,Newfoundland and Labrador,Barley,
2022,Newfoundland and Labrador,Barley,
2018,Newfoundland and Labrador,Canola (rapeseed),
2019,Newfoundland and Labrador,Canola (rapeseed),0
2020,Newfoundland and Labrador,Canola (rapeseed),
2021,Newfoundland and Labrador,Canola (rapeseed),
2022,Newfoundland and Labrador,Canola (rapeseed),
2018,Newfoundland and Labrador,Corn for grain,
2019,Newfoundland and Labrador,Corn for grain,
2020,Newfoundland and Labrador,Corn for grain,
2021,Newfoundland and Labrador,Corn for grain,
2022,Newfoundland and Labrador,Corn for grain,
2018,Newfoundland and Labrador,Corn for silage,35093
2019,Newfoundland and Labrador,Corn for silage,
2020,Newfoundland and Labrador,Corn for silage,0
2021,Newfoundland and Labrador,Corn for silage,
2022,Newfoundland and Labrador,Corn for silage,38948
2018,Newfoundland and Labrador,"Peas, dry",
2019,Newfoundland and Labrador,"Peas, dry",
2020,Newfoundland and Labrador,"Peas, dry",
2021,Newfoundland and Labrador,"Peas, dry",
2022,Newfoundland and Labrador,"Peas, dry",
2018,Newfoundland and Labrador,"Rye, all",
2019,Newfoundland and Labrador,"Rye, all",
2020,Newfoundland and Labrador,"Rye, all",
2021,Newfoundland and Labrador,"Rye, all",
2022,Newfoundland and Labrador,"Rye, all",
2018,Newfoundland and Labrador,Soybeans,
2019,Newfoundland and Labrador,Soybeans,
2020,Newfoundland and Labrador,Soybeans,
2021,Newfoundland and Labrador,Soybeans,
2022,Newfoundland and Labrador,Soybeans,
2018,Newfoundland and Labrador,Sugar beets,
2019,Newfoundland and Labrador,Sugar beets,
2020,Newfoundland and Labrador,Sugar beets,
2021,Newfoundland and Labrador,Sugar beets,
2022,Newfoundland and Labrador,Sugar beets,
2018,Newfoundland and Labrador,Triticale,
2019,Newfoundland and Labrador,Triticale,
2020,Newfoundland and Labrador,Triticale,
2021,Newfoundland and Labrador,Triticale,
2022,Newfoundland and Labrador,Triticale,
2018,Newfoundland and Labrador,"Wheat, all",0
2019,Newfoundland and Labrador,"Wheat, all",0
2020,Newfoundland and Labrador,"Wheat, all",
2021,Newfoundland and Labrador,"Wheat, all",
2022,Newfoundland and Labrador,"Wheat, all",
2018,Newfoundland and Labrador,"Wheat, durum",
2019,Newfoundland and Labrador,"Wheat, durum",
2020,Newfoundland and Labrador,"Wheat, durum",
2021,Newfoundland and Labrador,"Wheat, durum",
2022,Newfoundland and Labrador,"Wheat, durum",
2018,Newfoundland and Labrador,"Wheat, all excluding durum wheat",0
2019,Newfoundland and Labrador,"Wheat, all excluding durum wheat",
2020,Newfoundland and Labrador,"Wheat, all excluding durum wheat",
2021,Newfoundland and Labrador,"Wheat, all excluding durum wheat",
2022,Newfoundland and Labrador,"Wheat, all excluding durum wheat",
2012,Prince Edward Island,Barley,3300
2013,Prince Edward Island,Barley,3400
2014,Prince Edward Island,Barley,3100
2015,Prince Edward Island,Barley,3400
2016,Prince Edward Island,Barley,3500
2017,Prince Edward Island,Barley,3600
2018,Prince Edward Island,Barley,3522
2019,Prince Edward Island,Barley,3654
2020,Prince Edward Island,Barley,3380
2021,Prince Edward Island,Barley,3607
2022,Prince Edward Island,Barley,3753
2018,Prince Edward Island,Canola (rapeseed),
2019,Prince Edward Island,Canola (rapeseed),2279
2020,Prince Edward Island,Canola (rapeseed),
2021,Prince Edward Island,Canola (rapeseed),
2022,Prince Edward Island,Canola (rapeseed),
2012,Prince Edward Island,Corn for grain,7700
2013,Prince Edward Island,Corn for grain,8600
2014,Prince Edward Island,Corn for grain,
2015,Prince Edward Island,Corn for grain,
2016,Prince Edward Island,Corn for grain,7900
2017,Prince Edward Island,Corn for grain,8200
2018,Prince Edward Island,Corn for grain,8737
2019,Prince Edward Island,Corn for grain,8241
2020,Prince Edward Island,Corn for grain,8011
2021,Prince Edward Island,Corn for grain,8858
2022,Prince Edward Island,Corn for grain,
2012,Prince Edward Island,Corn for silage,37200
2013,Prince Edward Island,Corn for silage,43100
2014,Prince Edward Island,Corn for silage,42790
2015,Prince Edward Island,Corn for silage,31750
2016,Prince Edward Island,Corn for silage,35440
2017,Prince Edward Island,Corn for silage,33100
2018,Prince Edward Island,Corn for silage,36250
2019,Prince Edward Island,Corn for silage,31043
2020,Prince Edward Island,Corn for silage,46583
2021,Prince Edward Island,Corn for silage,35172
2022,Prince Edward Island,Corn for silage,
2012,Prince Edward Island,"Peas, dry",
2013,Prince Edward Island,"Peas, dry",
2014,Prince Edward Island,"Peas, dry",
2015,Prince Edward Island,"Peas, dry",
2016,Prince Edward Island,"Peas, dry",
2017,Prince Edward Island,"Peas, dry",
2018,Prince Edward Island,"Peas, dry",3444
2019,Prince Edward Island,"Peas, dry",2867
2020,Prince Edward Island,"Peas, dry",3038
2021,Prince Edward Island,"Peas, dry",3343
2022,Prince Edward Island,"Peas, dry",
2012,Prince Edward Island,"Rye, all",
2013,Prince Edward Island,"Rye, all",
2014,Prince Edward Island,"Rye, all",
2015,Prince Edward Island,"Rye, all",
2016,Prince Edward Island,"Rye, all",
2017,Prince Edward Island,"Rye, all",
2018,Prince Edward Island,"Rye, all",2400
2019,Prince Edward Island,"Rye, all",
2020,Prince Edward Island,"Rye, all",3833
2021,Prince Edward Island,"Rye, all",
2022,Prince Edward Island,"Rye, all",3886
2012,Prince Edward Island,Soybeans,2500
2013,Prince Edward Island,Soybeans,2500
2014,Prince Edward Island,Soybeans,2300
2015,Prince Edward Island,Soybeans,2300
2016,Prince Edward Island,Soybeans,2300
2017,Prince Edward Island,Soybeans,2400
2018,Prince Edward Island,Soybeans,2755
2019,Prince Edward Island,Soybeans,2294
2020,Prince Edward Island,Soybeans,2549
2021,Prince Edward Island,Soybeans,3067
2022,Prince Edward Island,Soybeans,2921
2018,Prince Edward Island,Sugar beets,
2019,Prince Edward Island,Sugar beets,
2020,Prince Edward Island,Sugar beets,
2021,Prince Edward Island,Sugar beets,
2022,Prince Edward Island,Sugar beets,
2018,Prince Edward Island,Triticale,
2019,Prince Edward Island,Triticale,
2020,Prince Edward Island,Triticale,
2021,Prince Edward Island,Triticale,
2022,Prince Edward Island,Triticale,
2012,Prince Edward Island,"Wheat, all",3500
2013,Prince Edward Island,"Wheat, all",3300
2014,Prince Edward Island,"Wheat, all",3200
2015,Prince Edward Island,"Wheat, all",3500
2016,Prince Edward Island,"Wheat, all",3500
2017,Prince Edward Island,"Wheat, all",3800
2018,Prince Edward Island,"Wheat, all",3730
2019,Prince Edward Island,"Wheat, all",3873
2020,Prince Edward Island,"Wheat, all",3494
2021,Prince Edward Island,"Wheat, all",4085
2022,Prince Edward Island,"Wheat, all",4683
2018,Prince Edward Island,"Wheat, durum",
2019,Prince Edward Island,"Wheat, durum",
2020,Prince Edward Island,"Wheat, durum",
2021,Prince Edward Island,"Wheat, durum",
2022,Prince Edward Island,"Wheat, durum",
2012,Prince Edward Island,"Wheat, all excluding durum wheat",3500
2013,Prince Edward Island,"Wheat, all excluding durum wheat",3300
2014,Prince Edward Island,"Wheat, all excluding durum wheat",3200
2015,Prince Edward Island,"Wheat, all excluding durum wheat",3500
2016,Prince Edward Island,"Wheat, all excluding durum wheat",3500
2017,Prince Edward Island,"Wheat, all excluding durum wheat",3800
2018,Prince Edward Island,"Wheat, all excluding durum wheat",3756
2019,Prince Edward Island,"Wheat, all excluding durum wheat",3869
2020,Prince Edward Island,"Wheat, all excluding durum wheat",3479
2021,Prince Edward Island,"Wheat, all excluding durum wheat",4082
2022,Prince Edward Island,"Wheat, all excluding durum wheat",4699
2012,Nova Scotia,Barley,3500
2013,Nova Scotia,Barley,2600
2014,Nova Scotia,Barley,3300
2015,Nova Scotia,Barley,3400
2016,Nova Scotia,Barley,3600
2017,Nova Scotia,Barley,3700
2018,Nova Scotia,Barley,2973
2019,Nova Scotia,Barley,2819
2020,Nova Scotia,Barley,2770
2021,Nova Scotia,Barley,3444
2022,Nova Scotia,Barley,3106
2018,Nova Scotia,Canola (rapeseed),
2019,Nova Scotia,Canola (rapeseed),
2020,Nova Scotia,Canola (rapeseed),
2021,Nova Scotia,Canola (rapeseed),
2022,Nova Scotia,Canola (rapeseed),
2012,Nova Scotia,Corn for grain,7200
2013,Nova Scotia,Corn for grain,8000
2014,Nova Scotia,Corn for grain,7900
2015,Nova Scotia,Corn for grain,7900
2016,Nova Scotia,Corn for grain,7700
2017,Nova Scotia,Corn for grain,8400
2018,Nova Scotia,Corn for grain,7982
2019,Nova Scotia,Corn for grain,7190
2020,Nova Scotia,Corn for grain,7151
2021,Nova Scotia,Corn for grain,8643
2022,Nova Scotia,Corn for grain,7300
2012,Nova Scotia,Corn for silage,33480
2013,Nova Scotia,Corn for silage,34030
2014,Nova Scotia,Corn for silage,35860
2015,Nova Scotia,Corn for silage,37060
2016,Nova Scotia,Corn for silage,39910
2017,Nova Scotia,Corn for silage,40310
2018,Nova Scotia,Corn for silage,36062
2019,Nova Scotia,Corn for silage,29468
2020,Nova Scotia,Corn for silage,37145
2021,Nova Scotia,Corn for silage,39688
2022,Nova Scotia,Corn for silage,28352
2012,Nova Scotia,"Peas, dry",
2013,Nova Scotia,"Peas, dry",
2014,Nova Scotia,"Peas, dry",
2015,Nova Scotia,"Peas, dry",
2016,Nova Scotia,"Peas, dry",
2017,Nova Scotia,"Peas, dry",
2018,Nova Scotia,"Peas, dry",
2019,Nova Scotia,"Peas, dry",
2020,Nova Scotia,"Peas, dry",
2021,Nova Scotia,"Peas, dry",
2022,Nova Scotia,"Peas, dry",
2012,Nova Scotia,"Rye, all",
2013,Nova Scotia,"Rye, all",
2014,Nova Scotia,"Rye, all",
2015,Nova Scotia,"Rye, all",
2016,Nova Scotia,"Rye, all",
2017,Nova Scotia,"Rye, all",
2018,Nova Scotia,"Rye, all",3500
2019,Nova Scotia,"Rye, all",3857
2020,Nova Scotia,"Rye, all",3892
2021,Nova Scotia,"Rye, all",2676
2022,Nova Scotia,"Rye, all",3339
2012,Nova Scotia,Soybeans,2800
2013,Nova Scotia,Soybeans,3000
2014,Nova Scotia,Soybeans,3000
2015,Nova Scotia,Soybeans,2800
2016,Nova Scotia,Soybeans,2800
2017,Nova Scotia,Soybeans,3000
2018,Nova Scotia,Soybeans,3416
2019,Nova Scotia,Soybeans,2743
2020,Nova Scotia,Soybeans,2831
2021,Nova Scotia,Soybeans,3603
2022,Nova Scotia,Soybeans,3111
2018,Nova Scotia,Sugar beets,
2019,Nova Scotia,Sugar beets,
2020,Nova Scotia,Sugar beets,
2021,Nova Scotia,Sugar beets,
2022,Nova Scotia,Sugar beets,
2018,Nova Scotia,Triticale,
2019,Nova Scotia,Triticale,
2020,Nova Scotia,Triticale,
2021,Nova Scotia,Triticale,
2022,Nova Scotia,Triticale,
2012,Nova Scotia,"Wheat, all",4200
2013,Nova Scotia,"Wheat, all",4000
2014,Nova Scotia,"Wheat, all",4200
2015,Nova Scotia,"Wheat, all",5100
2016,Nova Scotia,"Wheat, all",4900
2017,Nova Scotia,"Wheat, all",5100
2018,Nova Scotia,"Wheat, all",4800
2019,Nova Scotia,"Wheat, all",4056
2020,Nova Scotia,"Wheat, all",3688
2021,Nova Scotia,"Wheat, all",4480
2022,Nova Scotia,"Wheat, all",4825
2018,Nova Scotia,"Wheat, durum",
2019,Nova Scotia,"Wheat, durum",
2020,Nova Scotia,"Wheat, durum",
2021,Nova Scotia,"Wheat, durum",
2022,Nova Scotia,"Wheat, durum",
2012,Nova Scotia,"Wheat, all excluding durum wheat",4200
2013,Nova Scotia,"Wheat, all excluding durum wheat",4000
2014,Nova Scotia,"Wheat, all excluding durum wheat",4200
2015,Nova Scotia,"Wheat, all excluding durum wheat",5100
2016,Nova Scotia,"Wheat, all excluding durum wheat",4900
2017,Nova Scotia,"Wheat, all excluding durum wheat",5100
2018,Nova Scotia,"Wheat, all excluding durum wheat",4651
2019,Nova Scotia,"Wheat, all excluding durum wheat",4176
2020,Nova Scotia,"Wheat, all excluding durum wheat",3647
2021,Nova Scotia,"Wheat, all excluding durum wheat",4513
2022,Nova Scotia,"Wheat, all excluding durum wheat",5064
2012,New Brunswick,Barley,3100
2013,New Brunswick,Barley,2900
2014,New Brunswick,Barley,2900
2015,New Brunswick,Barley,3600
2016,New Brunswick,Barley,3500
2017,New Brunswick,Barley,3700
2018,New Brunswick,Barley,2856
2019,New Brunswick,Barley,3659
2020,New Brunswick,Barley,2340
2021,New Brunswick,Barley,3337
2022,New Brunswick,Barley,3546
2012,New Brunswick,Canola (rapeseed),2200
2013,New Brunswick,Canola (rapeseed),2000
2014,New Brunswick,Canola (rapeseed),
2015,New Brunswick,Canola (rapeseed),
2016,New Brunswick,Canola (rapeseed),
2017,New Brunswick,Canola (rapeseed),
2018,New Brunswick,Canola (rapeseed),1933
2019,New Brunswick,Canola (rapeseed),2093
2020,New Brunswick,Canola (rapeseed),2358
2021,New Brunswick,Canola (rapeseed),
2022,New Brunswick,Canola (rapeseed),2513
2012,New Brunswick,Corn for grain,6500
2013,New Brunswick,Corn for grain,7000
2014,New Brunswick,Corn for grain,6800
2015,New Brunswick,Corn for grain,7600
2016,New Brunswick,Corn for grain,7900
2017,New Brunswick,Corn for grain,8400
2018,New Brunswick,Corn for grain,7606
2019,New Brunswick,Corn for grain,7049
2020,New Brunswick,Corn for grain,6487
2021,New Brunswick,Corn for grain,8622
2022,New Brunswick,Corn for grain,8926
2012,New Brunswick,Corn for silage,29630
2013,New Brunswick,Corn for silage,30060
2014,New Brunswick,Corn for silage,30830
2015,New Brunswick,Corn for silage,32200
2016,New Brunswick,Corn for silage,34880
2017,New Brunswick,Corn for silage,34610
2018,New Brunswick,Corn for silage,36044
2019,New Brunswick,Corn for silage,32968
2020,New Brunswick,Corn for silage,23874
2021,New Brunswick,Corn for silage,27323
2022,New Brunswick,Corn for silage,36491
2012,New Brunswick,"Peas, dry",
2013,New Brunswick,"Peas, dry",
2014,New Brunswick,"Peas, dry",
2015,New Brunswick,"Peas, dry",
2016,New Brunswick,"Peas, dry",
2017,New Brunswick,"Peas, dry",
2018,New Brunswick,"Peas, dry",750
2019,New Brunswick,"Peas, dry",1500
2020,New Brunswick,"Peas, dry",1875
2021,New Brunswick,"Peas, dry",
2022,New Brunswick,"Peas, dry",
2012,New Brunswick,"Rye, all",
2013,New Brunswick,"Rye, all",
2014,New Brunswick,"Rye, all",
2015,New Brunswick,"Rye, all",
2016,New Brunswick,"Rye, all",
2017,New Brunswick,"Rye, all",
2018,New Brunswick,"Rye, all",
2019,New Brunswick,"Rye, all",
2020,New Brunswick,"Rye, all",
2021,New Brunswick,"Rye, all",
2022,New Brunswick,"Rye, all",2678
2012,New Brunswick,Soybeans,2300
2013,New Brunswick,Soybeans,2000
2014,New Brunswick,Soybeans,2300
2015,New Brunswick,Soybeans,2400
2016,New Brunswick,Soybeans,2400
2017,New Brunswick,Soybeans,1900
2018,New Brunswick,Soybeans,2804
2019,New Brunswick,Soybeans,2145
2020,New Brunswick,Soybeans,1816
2021,New Brunswick,Soybeans,2815
2022,New Brunswick,Soybeans,
2018,New Brunswick,Sugar beets,
2019,New Brunswick,Sugar beets,
2020,New Brunswick,Sugar beets,
2021,New Brunswick,Sugar beets,
2022,New Brunswick,Sugar beets,
2018,New Brunswick,Triticale,
2019,New Brunswick,Triticale,
2020,New Brunswick,Triticale,
2021,New Brunswick,Triticale,
2022,New Brunswick,Triticale,
2012,New Brunswick,"Wheat, all",3200
2013,New Brunswick,"Wheat, all",3300
2014,New Brunswick,"Wheat, all",2800
2015,New Brunswick,"Wheat, all",3500
2016,New Brunswick,"Wheat, all",3400
2017,New Brunswick,"Wheat, all",3700
2018,New Brunswick,"Wheat, all",3452
2019,New Brunswick,"Wheat, all",3755
2020,New Brunswick,"Wheat, all",2750
2021,New Brunswick,"Wheat, all",3885
2022,New Brunswick,"Wheat, all",3730
2018,New Brunswick,"Wheat, durum",
2019,New Brunswick,"Wheat, durum",
2020,New Brunswick,"Wheat, durum",
2021,New Brunswick,"Wheat, durum",
2022,New Brunswick,"Wheat, durum",
2012,New Brunswick,"Wheat, all excluding durum wheat",3200
2013,New Brunswick,"Wheat, all excluding durum wheat",3300
2014,New Brunswick,"Wheat, all excluding durum wheat",2800
2015,New Brunswick,"Wheat, all excluding durum wheat",3500
2016,New Brunswick,"Wheat, all excluding durum wheat",3400
2017,New Brunswick,"Wheat, all excluding durum wheat",3700
2018,New Brunswick,"Wheat, all excluding durum wheat",3412
2019,New Brunswick,"Wheat, all excluding durum wheat",3772
2020,New Brunswick,"Wheat, all excluding durum wheat",2731
2021,New Brunswick,"Wheat, all excluding durum wheat",3936
2022,New Brunswick,"Wheat, all excluding durum wheat",3674
2012,Quebec,Barley,3300
2013,Quebec,Barley,3100
2014,Quebec,Barley,3100
2015,Quebec,Barley,3400
2016,Quebec,Barley,3400
2017,Quebec,Barley,3300
2018,Quebec,Barley,2910
2019,Quebec,Barley,3240
2020,Quebec,Barley,2520
2021,Quebec,Barley,3592
2022,Quebec,Barley,3360
2012,Quebec,Canola (rapeseed),2000
2013,Quebec,Canola (rapeseed),2200
2014,Quebec,Canola (rapeseed),2100
2015,Quebec,Canola (rapeseed),2200
2016,Quebec,Canola (rapeseed),2400
2017,Quebec,Canola (rapeseed),2500
2018,Quebec,Canola (rapeseed),2456
2019,Quebec,Canola (rapeseed),2214
2020,Quebec,Canola (rapeseed),2166
2021,Quebec,Canola (rapeseed),2399
2022,Quebec,Canola (rapeseed),2336
2012,Quebec,Corn for grain,8900
2013,Quebec,Corn for grain,9100
2014,Quebec,Corn for grain,8600
2015,Quebec,Corn for grain,10200
2016,Quebec,Corn for grain,10400
2017,Quebec,Corn for grain,10000
2018,Quebec,Corn for grain,9441
2019,Quebec,Corn for grain,8875
2020,Quebec,Corn for grain,9085
2021,Quebec,Corn for grain,9575
2022,Quebec,Corn for grain,9935
2012,Quebec,Corn for silage,33520
2013,Quebec,Corn for silage,34110
2014,Quebec,Corn for silage,37710
2015,Quebec,Corn for silage,39250
2016,Quebec,Corn for silage,43830
2017,Quebec,Corn for silage,41930
2018,Quebec,Corn for silage,39829
2019,Quebec,Corn for silage,34021
2020,Quebec,Corn for silage,33738
2021,Quebec,Corn for silage,38611
2022,Quebec,Corn for silage,37392
2012,Quebec,"Peas, dry",
2013,Quebec,"Peas, dry",
2014,Quebec,"Peas, dry",
2015,Quebec,"Peas, dry",
2016,Quebec,"Peas, dry",
2017,Quebec,"Peas, dry",
2018,Quebec,"Peas, dry",2833
2019,Quebec,"Peas, dry",2100
2020,Quebec,"Peas, dry",2514
2021,Quebec,"Peas, dry",
2022,Quebec,"Peas, dry",2631
2012,Quebec,"Rye, all",
2013,Quebec,"Rye, all",
2014,Quebec,"Rye, all",2400
2015,Quebec,"Rye, all",2500
2016,Quebec,"Rye, all",3100
2017,Quebec,"Rye, all",2500
2018,Quebec,"Rye, all",2754
2019,Quebec,"Rye, all",2560
2020,Quebec,"Rye, all",2505
2021,Quebec,"Rye, all",3434
2022,Quebec,"Rye, all",3616
2012,Quebec,Soybeans,3000
2013,Quebec,Soybeans,2900
2014,Quebec,Soybeans,2500
2015,Quebec,Soybeans,3200
2016,Quebec,Soybeans,3200
2017,Quebec,Soybeans,2800
2018,Quebec,Soybeans,3151
2019,Quebec,Soybeans,3135
2020,Quebec,Soybeans,3253
2021,Quebec,Soybeans,3021
2022,Quebec,Soybeans,2941
2012,Quebec,Sugar beets,
2013,Quebec,Sugar beets,
2014,Quebec,Sugar beets,
2015,Quebec,Sugar beets,
2016,Quebec,Sugar beets,
2017,Quebec,Sugar beets,
2018,Quebec,Sugar beets,
2019,Quebec,Sugar beets,
2020,Quebec,Sugar beets,
2021,Quebec,Sugar beets,
2022,Quebec,Sugar beets,
2018,Quebec,Triticale,2719
2019,Quebec,Triticale,3010
2020,Quebec,Triticale,2277
2021,Quebec,Triticale,
2022,Quebec,Triticale,3239
2012,Quebec,"Wheat, all",3200
2013,Quebec,"Wheat, all",3100
2014,Quebec,"Wheat, all",3100
2015,Quebec,"Wheat, all",3500
2016,Quebec,"Wheat, all",3500
2017,Quebec,"Wheat, all",3200
2018,Quebec,"Wheat, all",3143
2019,Quebec,"Wheat, all",3408
2020,Quebec,"Wheat, all",2327
2021,Quebec,"Wheat, all",3634
2022,Quebec,"Wheat, all",3922
2018,Quebec,"Wheat, durum",
2019,Quebec,"Wheat, durum",
2020,Quebec,"Wheat, durum",
2021,Quebec,"Wheat, durum",
2022,Quebec,"Wheat, durum",
2012,Quebec,"Wheat, all excluding durum wheat",3200
2013,Quebec,"Wheat, all excluding durum wheat",3100
2014,Quebec,"Wheat, all excluding durum wheat",3100
2015,Quebec,"Wheat, all excluding durum wheat",3500
2016,Quebec,"Wheat, all excluding durum wheat",3500
2017,Quebec,"Wheat, all excluding durum wheat",3200
2018,Quebec,"Wheat, all excluding durum wheat",3146
2019,Quebec,"Wheat, all excluding durum wheat",3408
2020,Quebec,"Wheat, all excluding durum wheat",2326
2021,Quebec,"Wheat, all excluding durum wheat",3637
2022,Quebec,"Wheat, all excluding durum wheat",3932
2012,Ontario,Barley,3500
2013,Ontario,Barley,3000
2014,Ontario,Barley,3700
2015,Ontario,Barley,3600
2016,Ontario,Barley,3400
2017,Ontario,Barley,3300
2018,Ontario,Barley,3150
2019,Ontario,Barley,3390
2020,Ontario,Barley,3320
2021,Ontario,Barley,3565
2022,Ontario,Barley,4066
2012,Ontario,Canola (rapeseed),2000
2013,Ontario,Canola (rapeseed),2100
2014,Ontario,Canola (rapeseed),2400
2015,Ontario,Canola (rapeseed),2400
2016,Ontario,Canola (rapeseed),2300
2017,Ontario,Canola (rapeseed),2600
2018,Ontario,Canola (rapeseed),2641
2019,Ontario,Canola (rapeseed),2421
2020,Ontario,Canola (rapeseed),2574
2021,Ontario,Canola (rapeseed),2410
2022,Ontario,Canola (rapeseed),2850
2012,Ontario,Corn for grain,9600
2013,Ontario,Corn for grain,10100
2014,Ontario,Corn for grain,10100
2015,Ontario,Corn for grain,10600
2016,Ontario,Corn for grain,9800
2017,Ontario,Corn for grain,10500
2018,Ontario,Corn for grain,10416
2019,Ontario,Corn for grain,9942
2020,Ontario,Corn for grain,10287
2021,Ontario,Corn for grain,10997
2022,Ontario,Corn for grain,10417
2012,Ontario,Corn for silage,41170
2013,Ontario,Corn for silage,44840
2014,Ontario,Corn for silage,46060
2015,Ontario,Corn for silage,46690
2016,Ontario,Corn for silage,45710
2017,Ontario,Corn for silage,50150
2018,Ontario,Corn for silage,43244
2019,Ontario,Corn for silage,39902
2020,Ontario,Corn for silage,39140
2021,Ontario,Corn for silage,42551
2022,Ontario,Corn for silage,39653
2012,Ontario,"Peas, dry",
2013,Ontario,"Peas, dry",
2014,Ontario,"Peas, dry",
2015,Ontario,"Peas, dry",
2016,Ontario,"Peas, dry",
2017,Ontario,"Peas, dry",
2018,Ontario,"Peas, dry",2074
2019,Ontario,"Peas, dry",2324
2020,Ontario,"Peas, dry",2233
2021,Ontario,"Peas, dry",2241
2022,Ontario,"Peas, dry",2882
2012,Ontario,"Rye, all",2400
2013,Ontario,"Rye, all",2400
2014,Ontario,"Rye, all",2700
2015,Ontario,"Rye, all",2600
2016,Ontario,"Rye, all",3000
2017,Ontario,"Rye, all",2600
2018,Ontario,"Rye, all",3013
2019,Ontario,"Rye, all",3035
2020,Ontario,"Rye, all",2864
2021,Ontario,"Rye, all",3283
2022,Ontario,"Rye, all",3610
2012,Ontario,Soybeans,3200
2013,Ontario,Soybeans,3100
2014,Ontario,Soybeans,3100
2015,Ontario,Soybeans,3100
2016,Ontario,Soybeans,3100
2017,Ontario,Soybeans,3100
2018,Ontario,Soybeans,3454
2019,Ontario,Soybeans,2966
2020,Ontario,Soybeans,3409
2021,Ontario,Soybeans,3490
2022,Ontario,Soybeans,3230
2012,Ontario,Sugar beets,
2013,Ontario,Sugar beets,
2014,Ontario,Sugar beets,
2015,Ontario,Sugar beets,
2016,Ontario,Sugar beets,
2017,Ontario,Sugar beets,
2018,Ontario,Sugar beets,
2019,Ontario,Sugar beets,73959
2020,Ontario,Sugar beets,69483
2021,Ontario,Sugar beets,82541
2022,Ontario,Sugar beets,63423
2018,Ontario,Triticale,2600
2019,Ontario,Triticale,3469
2020,Ontario,Triticale,3455
2021,Ontario,Triticale,4137
2022,Ontario,Triticale,
2012,Ontario,"Wheat, all",5100
2013,Ontario,"Wheat, all",5200
2014,Ontario,"Wheat, all",5100
2015,Ontario,"Wheat, all",5100
2016,Ontario,"Wheat, all",5700
2017,Ontario,"Wheat, all",5600
2018,Ontario,"Wheat, all",5461
2019,Ontario,"Wheat, all",5007
2020,Ontario,"Wheat, all",5344
2021,Ontario,"Wheat, all",5889
2022,Ontario,"Wheat, all",6299
2018,Ontario,"Wheat, durum",
2019,Ontario,"Wheat, durum",
2020,Ontario,"Wheat, durum",
2021,Ontario,"Wheat, durum",
2022,Ontario,"Wheat, durum",
2012,Ontario,"Wheat, all excluding durum wheat",5100
2013,Ontario,"Wheat, all excluding durum wheat",5200
2014,Ontario,"Wheat, all excluding durum wheat",5100
2015,Ontario,"Wheat, all excluding durum wheat",5100
2016,Ontario,"Wheat, all excluding durum wheat",5700
2017,Ontario,"Wheat, all excluding durum wheat",5600
2018,Ontario,"Wheat, all excluding durum wheat",5461
2019,Ontario,"Wheat, all excluding durum wheat",5006
2020,Ontario,"Wheat, all excluding durum wheat",5344
2021,Ontario,"Wheat, all excluding durum wheat",5890
2022,Ontario,"Wheat, all excluding durum wheat",6302
2012,Manitoba,Barley,2900
2013,Manitoba,Barley,4100
2014,Manitoba,Barley,3100
2015,Manitoba,Barley,3700
2016,Manitoba,Barley,3900
2017,Manitoba,Barley,4300
2018,Manitoba,Barley,4052
2019,Manitoba,Barley,4140
2020,Manitoba,Barley,4300
2021,Manitoba,Barley,2946
2022,Manitoba,Barley,3995
2012,Manitoba,Canola (rapeseed),1400
2013,Manitoba,Canola (rapeseed),2300
2014,Manitoba,Canola (rapeseed),2000
2015,Manitoba,Canola (rapeseed),2200
2016,Manitoba,Canola (rapeseed),2100
2017,Manitoba,Canola (rapeseed),2500
2018,Manitoba,Canola (rapeseed),2427
2019,Manitoba,Canola (rapeseed),2354
2020,Manitoba,Canola (rapeseed),2321
2021,Manitoba,Canola (rapeseed),2041
2022,Manitoba,Canola (rapeseed),2427
2012,Manitoba,Corn for grain,6900
2013,Manitoba,Corn for grain,8000
2014,Manitoba,Corn for grain,6700
2015,Manitoba,Corn for grain,7600
2016,Manitoba,Corn for grain,8500
2017,Manitoba,Corn for grain,8000
2018,Manitoba,Corn for grain,7102
2019,Manitoba,Corn for grain,6886
2020,Manitoba,Corn for grain,7670
2021,Manitoba,Corn for grain,5995
2022,Manitoba,Corn for grain,8843
2012,Manitoba,Corn for silage,31150
2013,Manitoba,Corn for silage,40770
2014,Manitoba,Corn for silage,30480
2015,Manitoba,Corn for silage,41790
2016,Manitoba,Corn for silage,40770
2017,Manitoba,Corn for silage,38220
2018,Manitoba,Corn for silage,36693
2019,Manitoba,Corn for silage,37265
2020,Manitoba,Corn for silage,36360
2021,Manitoba,Corn for silage,28866
2022,Manitoba,Corn for silage,39177
2012,Manitoba,"Peas, dry",2900
2013,Manitoba,"Peas, dry",2800
2014,Manitoba,"Peas, dry",2400
2015,Manitoba,"Peas, dry",2900
2016,Manitoba,"Peas, dry",2600
2017,Manitoba,"Peas, dry",3200
2018,Manitoba,"Peas, dry",3157
2019,Manitoba,"Peas, dry",3318
2020,Manitoba,"Peas, dry",3532
2021,Manitoba,"Peas, dry",2346
2022,Manitoba,"Peas, dry",3375
2012,Manitoba,"Rye, all",3200
2013,Manitoba,"Rye, all",3100
2014,Manitoba,"Rye, all",3000
2015,Manitoba,"Rye, all",3000
2016,Manitoba,"Rye, all",3300
2017,Manitoba,"Rye, all",4340
2018,Manitoba,"Rye, all",3841
2019,Manitoba,"Rye, all",3789
2020,Manitoba,"Rye, all",4075
2021,Manitoba,"Rye, all",3521
2022,Manitoba,"Rye, all",3520
2012,Manitoba,Soybeans,2300
2013,Manitoba,Soybeans,2500
2014,Manitoba,Soybeans,2100
2015,Manitoba,Soybeans,2400
2016,Manitoba,Soybeans,2800
2017,Manitoba,Soybeans,2400
2018,Manitoba,Soybeans,2288
2019,Manitoba,Soybeans,1964
2020,Manitoba,Soybeans,2508
2021,Manitoba,Soybeans,1964
2022,Manitoba,Soybeans,2890
2012,Manitoba,Sugar beets,
2013,Manitoba,Sugar beets,
2014,Manitoba,Sugar beets,
2015,Manitoba,Sugar beets,
2016,Manitoba,Sugar beets,
2017,Manitoba,Sugar beets,
2018,Manitoba,Sugar beets,
2019,Manitoba,Sugar beets,
2020,Manitoba,Sugar beets,
2021,Manitoba,Sugar beets,
2022,Manitoba,Sugar beets,
2012,Manitoba,Triticale,
2013,Manitoba,Triticale,
2014,Manitoba,Triticale,
2015,Manitoba,Triticale,
2016,Manitoba,Triticale,
2017,Manitoba,Triticale,
2018,Manitoba,Triticale,2079
2019,Manitoba,Triticale,
2020,Manitoba,Triticale,
2021,Manitoba,Triticale,
2022,Manitoba,Triticale,
2012,Manitoba,"Wheat, all",3300
2013,Manitoba,"Wheat, all",3800
2014,Manitoba,"Wheat, all",3300
2015,Manitoba,"Wheat, all",3400
2016,Manitoba,"Wheat, all",3500
2017,Manitoba,"Wheat, all",3299
2018,Manitoba,"Wheat, all",4099
2019,Manitoba,"Wheat, all",4088
2020,Manitoba,"Wheat, all",4126
2021,Manitoba,"Wheat, all",3223
2022,Manitoba,"Wheat, all",3906
2012,Manitoba,"Wheat, durum",
2013,Manitoba,"Wheat, durum",
2014,Manitoba,"Wheat, durum",
2015,Manitoba,"Wheat, durum",
2016,Manitoba,"Wheat, durum",
2017,Manitoba,"Wheat, durum",
2018,Manitoba,"Wheat, durum",
2019,Manitoba,"Wheat, durum",3662
2020,Manitoba,"Wheat, durum",2811
2021,Manitoba,"Wheat, durum",2691
2022,Manitoba,"Wheat, durum",3763
2012,Manitoba,"Wheat, all excluding durum wheat",3300
2013,Manitoba,"Wheat, all excluding durum wheat",3800
2014,Manitoba,"Wheat, all excluding durum wheat",3300
2015,Manitoba,"Wheat, all excluding durum wheat",3400
2016,Manitoba,"Wheat, all excluding durum wheat",3500
2017,Manitoba,"Wheat, all excluding durum wheat",4124
2018,Manitoba,"Wheat, all excluding durum wheat",4101
2019,Manitoba,"Wheat, all excluding durum wheat",4090
2020,Manitoba,"Wheat, all excluding durum wheat",4139
2021,Manitoba,"Wheat, all excluding durum wheat",3226
2022,Manitoba,"Wheat, all excluding durum wheat",3907
2012,Saskatchewan,Barley,2400
2013,Saskatchewan,Barley,3600
2014,Saskatchewan,Barley,2900
2015,Saskatchewan,Barley,3300
2016,Saskatchewan,Barley,3800
2017,Saskatchewan,Barley,3600
2018,Saskatchewan,Barley,3372
2019,Saskatchewan,Barley,3730
2020,Saskatchewan,Barley,3690
2021,Saskatchewan,Barley,1908
2022,Saskatchewan,Barley,3409
2012,Saskatchewan,Canola (rapeseed),1400
2013,Saskatchewan,Canola (rapeseed),2100
2014,Saskatchewan,Canola (rapeseed),1800
2015,Saskatchewan,Canola (rapeseed),2100
2016,Saskatchewan,Canola (rapeseed),2400
2017,Saskatchewan,Canola (rapeseed),2200
2018,Saskatchewan,Canola (rapeseed),2282
2019,Saskatchewan,Canola (rapeseed),2396
2020,Saskatchewan,Canola (rapeseed),2395
2021,Saskatchewan,Canola (rapeseed),1445
2022,Saskatchewan,Canola (rapeseed),2127
2012,Saskatchewan,Corn for grain,
2013,Saskatchewan,Corn for grain,
2014,Saskatchewan,Corn for grain,
2015,Saskatchewan,Corn for grain,
2016,Saskatchewan,Corn for grain,
2017,Saskatchewan,Corn for grain,
2018,Saskatchewan,Corn for grain,5711
2019,Saskatchewan,Corn for grain,
2020,Saskatchewan,Corn for grain,3563
2021,Saskatchewan,Corn for grain,4879
2022,Saskatchewan,Corn for grain,
2012,Saskatchewan,Corn for silage,34210
2013,Saskatchewan,Corn for silage,35280
2014,Saskatchewan,Corn for silage,35280
2015,Saskatchewan,Corn for silage,29460
2016,Saskatchewan,Corn for silage,40890
2017,Saskatchewan,Corn for silage,40420
2018,Saskatchewan,Corn for silage,36579
2019,Saskatchewan,Corn for silage,30948
2020,Saskatchewan,Corn for silage,28851
2021,Saskatchewan,Corn for silage,21234
2022,Saskatchewan,Corn for silage,23650
2012,Saskatchewan,"Peas, dry",2000
2013,Saskatchewan,"Peas, dry",2900
2014,Saskatchewan,"Peas, dry",2200
2015,Saskatchewan,"Peas, dry",2100
2016,Saskatchewan,"Peas, dry",2700
2017,Saskatchewan,"Peas, dry",2300
2018,Saskatchewan,"Peas, dry",2319
2019,Saskatchewan,"Peas, dry",2488
2020,Saskatchewan,"Peas, dry",2655
2021,Saskatchewan,"Peas, dry",1354
2022,Saskatchewan,"Peas, dry",2160
2012,Saskatchewan,"Rye, all",2600
2013,Saskatchewan,"Rye, all",2100
2014,Saskatchewan,"Rye, all",2100
2015,Saskatchewan,"Rye, all",1600
2016,Saskatchewan,"Rye, all",3100
2017,Saskatchewan,"Rye, all",3200
2018,Saskatchewan,"Rye, all",2194
2019,Saskatchewan,"Rye, all",2895
2020,Saskatchewan,"Rye, all",2572
2021,Saskatchewan,"Rye, all",2373
2022,Saskatchewan,"Rye, all",2917
2012,Saskatchewan,Soybeans,
2013,Saskatchewan,Soybeans,1800
2014,Saskatchewan,Soybeans,1600
2015,Saskatchewan,Soybeans,1700
2016,Saskatchewan,Soybeans,2200
2017,Saskatchewan,Soybeans,1400
2018,Saskatchewan,Soybeans,1416
2019,Saskatchewan,Soybeans,1903
2020,Saskatchewan,Soybeans,1345
2021,Saskatchewan,Soybeans,1481
2022,Saskatchewan,Soybeans,2005
2018,Saskatchewan,Sugar beets,
2019,Saskatchewan,Sugar beets,
2020,Saskatchewan,Sugar beets,
2021,Saskatchewan,Sugar beets,0
2022,Saskatchewan,Sugar beets,
2012,Saskatchewan,Triticale,2700
2013,Saskatchewan,Triticale,2100
2014,Saskatchewan,Triticale,2400
2015,Saskatchewan,Triticale,1700
2016,Saskatchewan,Triticale,2800
2017,Saskatchewan,Triticale,1600
2018,Saskatchewan,Triticale,2651
2019,Saskatchewan,Triticale,2251
2020,Saskatchewan,Triticale,1704
2021,Saskatchewan,Triticale,1515
2022,Saskatchewan,Triticale,1641
2012,Saskatchewan,"Wheat, all",2500
2013,Saskatchewan,"Wheat, all",3300
2014,Saskatchewan,"Wheat, all",2700
2015,Saskatchewan,"Wheat, all",2500
2016,Saskatchewan,"Wheat, all",3200
2017,Saskatchewan,"Wheat, all",2323
2018,Saskatchewan,"Wheat, all",2874
2019,Saskatchewan,"Wheat, all",3032
2020,Saskatchewan,"Wheat, all",3138
2021,Saskatchewan,"Wheat, all",1890
2022,Saskatchewan,"Wheat, all",2879
2012,Saskatchewan,"Wheat, durum",2400
2013,Saskatchewan,"Wheat, durum",3200
2014,Saskatchewan,"Wheat, durum",2700
2015,Saskatchewan,"Wheat, durum",2300
2016,Saskatchewan,"Wheat, durum",3300
2017,Saskatchewan,"Wheat, durum",2400
2018,Saskatchewan,"Wheat, durum",2344
2019,Saskatchewan,"Wheat, durum",2725
2020,Saskatchewan,"Wheat, durum",2777
2021,Saskatchewan,"Wheat, durum",1317
2022,Saskatchewan,"Wheat, durum",2324
2012,Saskatchewan,"Wheat, all excluding durum wheat",2500
2013,Saskatchewan,"Wheat, all excluding durum wheat",3300
2014,Saskatchewan,"Wheat, all excluding durum wheat",2700
2015,Saskatchewan,"Wheat, all excluding durum wheat",2700
2016,Saskatchewan,"Wheat, all excluding durum wheat",3100
2017,Saskatchewan,"Wheat, all excluding durum wheat",3217
2018,Saskatchewan,"Wheat, all excluding durum wheat",3202
2019,Saskatchewan,"Wheat, all excluding durum wheat",3173
2020,Saskatchewan,"Wheat, all excluding durum wheat",3342
2021,Saskatchewan,"Wheat, all excluding durum wheat",2260
2022,Saskatchewan,"Wheat, all excluding durum wheat",3199
2012,Alberta,Barley,3200
2013,Alberta,Barley,4100
2014,Alberta,Barley,3600
2015,Alberta,Barley,3700
2016,Alberta,Barley,4100
2017,Alberta,Barley,3900
2018,Alberta,Barley,3595
2019,Alberta,Barley,3890
2020,Alberta,Barley,3980
2021,Alberta,Barley,2551
2022,Alberta,Barley,4081
2012,Alberta,Canola (rapeseed),1900
2013,Alberta,Canola (rapeseed),2400
2014,Alberta,Canola (rapeseed),2100
2015,Alberta,Canola (rapeseed),2300
2016,Alberta,Canola (rapeseed),2500
2017,Alberta,Canola (rapeseed),2400
2018,Alberta,Canola (rapeseed),2172
2019,Alberta,Canola (rapeseed),2259
2020,Alberta,Canola (rapeseed),2253
2021,Alberta,Canola (rapeseed),1621
2022,Alberta,Canola (rapeseed),2134
2012,Alberta,Corn for grain,5800
2013,Alberta,Corn for grain,8100
2014,Alberta,Corn for grain,6400
2015,Alberta,Corn for grain,6800
2016,Alberta,Corn for grain,8100
2017,Alberta,Corn for grain,8400
2018,Alberta,Corn for grain,9077
2019,Alberta,Corn for grain,7783
2020,Alberta,Corn for grain,8857
2021,Alberta,Corn for grain,8980
2022,Alberta,Corn for grain,8677
2012,Alberta,Corn for silage,36030
2013,Alberta,Corn for silage,38300
2014,Alberta,Corn for silage,36390
2015,Alberta,Corn for silage,36150
2016,Alberta,Corn for silage,44800
2017,Alberta,Corn for silage,42990
2018,Alberta,Corn for silage,40633
2019,Alberta,Corn for silage,27508
2020,Alberta,Corn for silage,41046
2021,Alberta,Corn for silage,31433
2022,Alberta,Corn for silage,42218
2012,Alberta,"Peas, dry",2800
2013,Alberta,"Peas, dry",3200
2014,Alberta,"Peas, dry",2700
2015,Alberta,"Peas, dry",2200
2016,Alberta,"Peas, dry",3100
2017,Alberta,"Peas, dry",2700
2018,Alberta,"Peas, dry",2686
2019,Alberta,"Peas, dry",2390
2020,Alberta,"Peas, dry",2792
2021,Alberta,"Peas, dry",1545
2022,Alberta,"Peas, dry",2946
2012,Alberta,"Rye, all",2800
2013,Alberta,"Rye, all",3000
2014,Alberta,"Rye, all",2600
2015,Alberta,"Rye, all",2700
2016,Alberta,"Rye, all",2800
2017,Alberta,"Rye, all",3300
2018,Alberta,"Rye, all",3333
2019,Alberta,"Rye, all",3436
2020,Alberta,"Rye, all",3691
2021,Alberta,"Rye, all",3455
2022,Alberta,"Rye, all",3523
2017,Alberta,Soybeans,
2018,Alberta,Soybeans,1681
2019,Alberta,Soybeans,1856
2020,Alberta,Soybeans,
2021,Alberta,Soybeans,
2022,Alberta,Soybeans,
2012,Alberta,Sugar beets,59280
2013,Alberta,Sugar beets,67270
2014,Alberta,Sugar beets,71680
2015,Alberta,Sugar beets,68970
2016,Alberta,Sugar beets,71850
2017,Alberta,Sugar beets,73440
2018,Alberta,Sugar beets,76781
2019,Alberta,Sugar beets,71885
2020,Alberta,Sugar beets,70989
2021,Alberta,Sugar beets,77638
2022,Alberta,Sugar beets,78175
2012,Alberta,Triticale,2800
2013,Alberta,Triticale,3200
2014,Alberta,Triticale,2900
2015,Alberta,Triticale,3600
2016,Alberta,Triticale,3700
2017,Alberta,Triticale,3800
2018,Alberta,Triticale,3534
2019,Alberta,Triticale,3500
2020,Alberta,Triticale,3050
2021,Alberta,Triticale,1943
2022,Alberta,Triticale,2611
2012,Alberta,"Wheat, all",3200
2013,Alberta,"Wheat, all",3900
2014,Alberta,"Wheat, all",3400
2015,Alberta,"Wheat, all",3100
2016,Alberta,"Wheat, all",3900
2017,Alberta,"Wheat, all",3500
2018,Alberta,"Wheat, all",3345
2019,Alberta,"Wheat, all",3518
2020,Alberta,"Wheat, all",3750
2021,Alberta,"Wheat, all",2346
2022,Alberta,"Wheat, all",3742
2012,Alberta,"Wheat, durum",3000
2013,Alberta,"Wheat, durum",3500
2014,Alberta,"Wheat, durum",3100
2015,Alberta,"Wheat, durum",2300
2016,Alberta,"Wheat, durum",3600
2017,Alberta,"Wheat, durum",2500
2018,Alberta,"Wheat, durum",2394
2019,Alberta,"Wheat, durum",2154
2020,Alberta,"Wheat, durum",3261
2021,Alberta,"Wheat, durum",1535
2022,Alberta,"Wheat, durum",2751
2012,Alberta,"Wheat, all excluding durum wheat",3200
2013,Alberta,"Wheat, all excluding durum wheat",3900
2014,Alberta,"Wheat, all excluding durum wheat",3500
2015,Alberta,"Wheat, all excluding durum wheat",3200
2016,Alberta,"Wheat, all excluding durum wheat",4000
2017,Alberta,"Wheat, all excluding durum wheat",3700
2018,Alberta,"Wheat, all excluding durum wheat",3524
2019,Alberta,"Wheat, all excluding durum wheat",3675
2020,Alberta,"Wheat, all excluding durum wheat",3828
2021,Alberta,"Wheat, all excluding durum wheat",2482
2022,Alberta,"Wheat, all excluding durum wheat",3907
2012,British Columbia,Barley,3200
2013,British Columbia,Barley,3500
2014,British Columbia,Barley,2600
2015,British Columbia,Barley,3300
2016,British Columbia,Barley,3500
2017,British Columbia,Barley,3200
2018,British Columbia,Barley,3486
2019,British Columbia,Barley,3370
2020,British Columbia,Barley,2570
2021,British Columbia,Barley,2203
2022,British Columbia,Barley,3203
2012,British Columbia,Canola (rapeseed),1700
2013,British Columbia,Canola (rapeseed),2200
2014,British Columbia,Canola (rapeseed),1700
2015,British Columbia,Canola (rapeseed),1900
2016,British Columbia,Canola (rapeseed),2300
2017,British Columbia,Canola (rapeseed),2000
2018,British Columbia,Canola (rapeseed),2281
2019,British Columbia,Canola (rapeseed),2331
2020,British Columbia,Canola (rapeseed),1681
2021,British Columbia,Canola (rapeseed),1600
2022,British Columbia,Canola (rapeseed),1699
2018,British Columbia,Corn for grain,9624
2019,British Columbia,Corn for grain,9629
2020,British Columbia,Corn for grain,10263
2021,British Columbia,Corn for grain,
2022,British Columbia,Corn for grain,10351
2012,British Columbia,Corn for silage,50240
2013,British Columbia,Corn for silage,54600
2014,British Columbia,Corn for silage,49220
2015,British Columbia,Corn for silage,40250
2016,British Columbia,Corn for silage,51800
2017,British Columbia,Corn for silage,44920
2018,British Columbia,Corn for silage,45920
2019,British Columbia,Corn for silage,49920
2020,British Columbia,Corn for silage,46852
2021,British Columbia,Corn for silage,43532
2022,British Columbia,Corn for silage,39781
2012,British Columbia,"Peas, dry",
2013,British Columbia,"Peas, dry",
2014,British Columbia,"Peas, dry",2300
2015,British Columbia,"Peas, dry",2400
2016,British Columbia,"Peas, dry",2900
2017,British Columbia,"Peas, dry",2700
2018,British Columbia,"Peas, dry",2862
2019,British Columbia,"Peas, dry",2979
2020,British Columbia,"Peas, dry",1447
2021,British Columbia,"Peas, dry",1564
2022,British Columbia,"Peas, dry",2223
2012,British Columbia,"Rye, all",
2013,British Columbia,"Rye, all",
2014,British Columbia,"Rye, all",
2015,British Columbia,"Rye, all",
2016,British Columbia,"Rye, all",
2017,British Columbia,"Rye, all",
2018,British Columbia,"Rye, all",3406
2019,British Columbia,"Rye, all",3667
2020,British Columbia,"Rye, all",2429
2021,British Columbia,"Rye, all",
2022,British Columbia,"Rye, all",3770
2018,British Columbia,Soybeans,2556
2019,British Columbia,Soybeans,
2020,British Columbia,Soybeans,
2021,British Columbia,Soybeans,
2022,British Columbia,Soybeans,
2018,British Columbia,Sugar beets,
2019,British Columbia,Sugar beets,
2020,British Columbia,Sugar beets,
2021,British Columbia,Sugar beets,
2022,British Columbia,Sugar beets,
2018,British Columbia,Triticale,1847
2019,British Columbia,Triticale,
2020,British Columbia,Triticale,
2021,British Columbia,Triticale,
2022,British Columbia,Triticale,
2012,British Columbia,"Wheat, all",3200
2013,British Columbia,"Wheat, all",4000
2014,British Columbia,"Wheat, all",2900
2015,British Columbia,"Wheat, all",3400
2016,British Columbia,"Wheat, all",3900
2017,British Columbia,"Wheat, all",3600
2018,British Columbia,"Wheat, all",3796
2019,British Columbia,"Wheat, all",3821
2020,British Columbia,"Wheat, all",2919
2021,British Columbia,"Wheat, all",2492
2022,British Columbia,"Wheat, all",3299
2018,British Columbia,"Wheat, durum",2272
2019,British Columbia,"Wheat, durum",
2020,British Columbia,"Wheat, durum",
2021,British Columbia,"Wheat, durum",
2022,British Columbia,"Wheat, durum",1588
2012,British Columbia,"Wheat, all excluding durum wheat",3200
2013,British Columbia,"Wheat, all excluding durum wheat",4000
2014,British Columbia,"Wheat, all excluding durum wheat",2900
2015,British Columbia,"Wheat, all excluding durum wheat",3400
2016,British Columbia,"Wheat, all excluding durum wheat",3900
2017,British Columbia,"Wheat, all excluding durum wheat",3600
2018,British Columbia,"Wheat, all excluding durum wheat",3810
2019,British Columbia,"Wheat, all excluding durum wheat",3828
2020,British Columbia,"Wheat, all excluding durum wheat",2940
2021,British Columbia,"Wheat, all excluding durum wheat",2509
2022,British Columbia,"Wheat, all excluding durum wheat",3405
