Year,Province,Crop,Production
2018,Newfoundland and Labrador,Barley,0
2019,Newfoundland and Labrador,Barley,0
2020,Newfoundland and Labrador,Barley,0
2021,Newfoundland and Labrador,Barley,
2022,Newfoundland and Labrador,Barley,
2018,Newfoundland and Labrador,Canola (rapeseed),0
2019,Newfoundland and Labrador,Canola (rapeseed),0
2020,Newfoundland and Labrador,Canola (rapeseed),0
2021,Newfoundland and Labrador,Canola (rapeseed),0
2022,Newfoundland and Labrador,Canola (rapeseed),0
2018,Newfoundland and Labrador,Corn for grain,0
2019,Newfoundland and Labrador,Corn for grain,0
2020,Newfoundland and Labrador,Corn for grain,0
2021,Newfoundland and Labrador,Corn for grain,
2022,Newfoundland and Labrador,Corn for grain,0
2018,Newfoundland and Labrador,Corn for silage,4300
2019,Newfoundland and Labrador,Corn for silage,0
2020,Newfoundland and Labrador,Corn for silage,0
2021,Newfoundland and Labrador,Corn for silage,
2022,Newfoundland and Labrador,Corn for silage,2932
2018,Newfoundland and Labrador,Lentils,0
2019,Newfoundland and Labrador,Lentils,0
2020,Newfoundland and Labrador,Lentils,0
2021,Newfoundland and Labrador,Lentils,0
2022,Newfoundland and Labrador,Lentils,0
2018,Newfoundland and Labrador,"Peas, dry",0
2019,Newfoundland and Labrador,"Peas, dry",0
2020,Newfoundland and Labrador,"Peas, dry",0
2021,Newfoundland and Labrador,"Peas, dry",
2022,Newfoundland and Labrador,"Peas, dry",
2018,Newfoundland and Labrador,"Rye, fall remaining",0
2019,Newfoundland and Labrador,"Rye, fall remaining",0
2020,Newfoundland and Labrador,"Rye, fall remaining",0
2021,Newfoundland and Labrador,"Rye, fall remaining",
2022,Newfoundland and Labrador,"Rye, fall remaining",0
2018,Newfoundland and Labrador,"Rye, spring",
2019,Newfoundland and Labrador,"Rye, spring",0
2020,Newfoundland and Labrador,"Rye, spring",0
2021,Newfoundland and Labrador,"Rye, spring",
2022,Newfoundland and Labrador,"Rye, spring",0
2018,Newfoundland and Labrador,Soybeans,0
2019,Newfoundland and Labrador,Soybeans,0
2020,Newfoundland and Labrador,Soybeans,0
2021,Newfoundland and Labrador,Soybeans,
2022,Newfoundland and Labrador,Soybeans,0
2018,Newfoundland and Labrador,Sugar beets,0
2019,Newfoundland and Labrador,Sugar beets,0
2020,Newfoundland and Labrador,Sugar beets,0
2021,Newfoundland and Labrador,Sugar beets,
2022,Newfoundland and Labrador,Sugar beets,0
2018,Newfoundland and Labrador,Triticale,0
2019,Newfoundland and Labrador,Triticale,0
2020,Newfoundland and Labrador,Triticale,0
2021,Newfoundland and Labrador,Triticale,0
2022,Newfoundland and Labrador,Triticale,0
2018,Newfoundland and Labrador,"Wheat, all",0
2019,Newfoundland and Labrador,"Wheat, all",0
2020,Newfoundland and Labrador,"Wheat, all",
2021,Newfoundland and Labrador,"Wheat, all",
2022,Newfoundland and Labrador,"Wheat, all",0
2018,Newfoundland and Labrador,"Wheat, durum",0
2019,Newfoundland and Labrador,"Wheat, durum",0
2020,Newfoundland and Labrador,"Wheat, durum",0
2021,Newfoundland and Labrador,"Wheat, durum",
2022,Newfoundland and Labrador,"Wheat, durum",0
2018,Newfoundland and Labrador,"Wheat, spring",0
2019,Newfoundland and Labrador,"Wheat, spring",0
2020,Newfoundland and Labrador,"Wheat, spring",
2021,Newfoundland and Labrador,"Wheat, spring",
2022,Newfoundland and Labrador,"Wheat, spring",0
2018,Newfoundland and Labrador,"Wheat, winter remaining",0
2019,Newfoundland and Labrador,"Wheat, winter remaining",0
2020,Newfoundland and Labrador,"Wheat, winter remaining",0
2021,Newfoundland and Labrador,"Wheat, winter remaining",
2022,Newfoundland and Labrador,"Wheat, winter remaining",0
2012,Prince Edward Island,Barley,90400
2013,Prince Edward Island,Barley,96900
2014,Prince Edward Island,Barley,76200
2015,Prince Edward Island,Barley,81000
2016,Prince Edward Island,Barley,87100
2017,Prince Edward Island,Barley,78400
2018,Prince Edward Island,Barley,105500
2019,Prince Edward Island,Barley,72300
2020,Prince Edward Island,Barley,65200
2021,Prince Edward Island,Barley,84405
2022,Prince Edward Island,Barley,88840
2018,Prince Edward Island,Canola (rapeseed),0
2019,Prince Edward Island,Canola (rapeseed),800
2020,Prince Edward Island,Canola (rapeseed),0
2021,Prince Edward Island,Canola (rapeseed),
2022,Prince Edward Island,Canola (rapeseed),
2012,Prince Edward Island,Corn for grain,16900
2013,Prince Edward Island,Corn for grain,24100
2014,Prince Edward Island,Corn for grain,
2015,Prince Edward Island,Corn for grain,
2016,Prince Edward Island,Corn for grain,26700
2017,Prince Edward Island,Corn for grain,40000
2018,Prince Edward Island,Corn for grain,35400
2019,Prince Edward Island,Corn for grain,40000
2020,Prince Edward Island,Corn for grain,41800
2021,Prince Edward Island,Corn for grain,53642
2022,Prince Edward Island,Corn for grain,
2012,Prince Edward Island,Corn for silage,111600
2013,Prince Edward Island,Corn for silage,86200
2014,Prince Edward Island,Corn for silage,59900
2015,Prince Edward Island,Corn for silage,50800
2016,Prince Edward Island,Corn for silage,113400
2017,Prince Edward Island,Corn for silage,66200
2018,Prince Edward Island,Corn for silage,88100
2019,Prince Edward Island,Corn for silage,113100
2020,Prince Edward Island,Corn for silage,213000
2021,Prince Edward Island,Corn for silage,147331
2022,Prince Edward Island,Corn for silage,
2018,Prince Edward Island,Lentils,0
2019,Prince Edward Island,Lentils,0
2020,Prince Edward Island,Lentils,0
2021,Prince Edward Island,Lentils,0
2022,Prince Edward Island,Lentils,0
2012,Prince Edward Island,"Peas, dry",
2013,Prince Edward Island,"Peas, dry",
2014,Prince Edward Island,"Peas, dry",
2015,Prince Edward Island,"Peas, dry",
2016,Prince Edward Island,"Peas, dry",
2017,Prince Edward Island,"Peas, dry",
2018,Prince Edward Island,"Peas, dry",3100
2019,Prince Edward Island,"Peas, dry",4300
2020,Prince Edward Island,"Peas, dry",16000
2021,Prince Edward Island,"Peas, dry",2006
2022,Prince Edward Island,"Peas, dry",
2012,Prince Edward Island,"Rye, fall remaining",
2013,Prince Edward Island,"Rye, fall remaining",
2014,Prince Edward Island,"Rye, fall remaining",
2015,Prince Edward Island,"Rye, fall remaining",
2016,Prince Edward Island,"Rye, fall remaining",
2017,Prince Edward Island,"Rye, fall remaining",
2018,Prince Edward Island,"Rye, fall remaining",300
2019,Prince Edward Island,"Rye, fall remaining",
2020,Prince Edward Island,"Rye, fall remaining",4600
2021,Prince Edward Island,"Rye, fall remaining",4043
2022,Prince Edward Island,"Rye, fall remaining",2720
2018,Prince Edward Island,"Rye, spring",
2019,Prince Edward Island,"Rye, spring",0
2020,Prince Edward Island,"Rye, spring",0
2021,Prince Edward Island,"Rye, spring",
2022,Prince Edward Island,"Rye, spring",0
2012,Prince Edward Island,Soybeans,51400
2013,Prince Edward Island,Soybeans,58500
2014,Prince Edward Island,Soybeans,58200
2015,Prince Edward Island,Soybeans,45700
2016,Prince Edward Island,Soybeans,40800
2017,Prince Edward Island,Soybeans,49000
2018,Prince Edward Island,Soybeans,43200
2019,Prince Edward Island,Soybeans,36400
2020,Prince Edward Island,Soybeans,39300
2021,Prince Edward Island,Soybeans,33477
2022,Prince Edward Island,Soybeans,36057
2018,Prince Edward Island,Sugar beets,0
2019,Prince Edward Island,Sugar beets,0
2020,Prince Edward Island,Sugar beets,0
2021,Prince Edward Island,Sugar beets,
2022,Prince Edward Island,Sugar beets,0
2018,Prince Edward Island,Triticale,0
2019,Prince Edward Island,Triticale,0
2020,Prince Edward Island,Triticale,0
2021,Prince Edward Island,Triticale,
2022,Prince Edward Island,Triticale,0
2012,Prince Edward Island,"Wheat, all",29600
2013,Prince Edward Island,"Wheat, all",25100
2014,Prince Edward Island,"Wheat, all",31500
2015,Prince Edward Island,"Wheat, all",43400
2016,Prince Edward Island,"Wheat, all",48200
2017,Prince Edward Island,"Wheat, all",56700
2018,Prince Edward Island,"Wheat, all",60800
2019,Prince Edward Island,"Wheat, all",60800
2020,Prince Edward Island,"Wheat, all",62200
2021,Prince Edward Island,"Wheat, all",48200
2022,Prince Edward Island,"Wheat, all",74464
2018,Prince Edward Island,"Wheat, durum",0
2019,Prince Edward Island,"Wheat, durum",0
2020,Prince Edward Island,"Wheat, durum",0
2021,Prince Edward Island,"Wheat, durum",
2022,Prince Edward Island,"Wheat, durum",0
2012,Prince Edward Island,"Wheat, spring",23600
2013,Prince Edward Island,"Wheat, spring",21200
2014,Prince Edward Island,"Wheat, spring",25000
2015,Prince Edward Island,"Wheat, spring",35800
2016,Prince Edward Island,"Wheat, spring",36700
2017,Prince Edward Island,"Wheat, spring",42200
2018,Prince Edward Island,"Wheat, spring",39100
2019,Prince Edward Island,"Wheat, spring",49300
2020,Prince Edward Island,"Wheat, spring",46000
2021,Prince Edward Island,"Wheat, spring",24972
2022,Prince Edward Island,"Wheat, spring",30121
2012,Prince Edward Island,"Wheat, winter remaining",6000
2013,Prince Edward Island,"Wheat, winter remaining",3900
2014,Prince Edward Island,"Wheat, winter remaining",6500
2015,Prince Edward Island,"Wheat, winter remaining",7600
2016,Prince Edward Island,"Wheat, winter remaining",11400
2017,Prince Edward Island,"Wheat, winter remaining",14600
2018,Prince Edward Island,"Wheat, winter remaining",21800
2019,Prince Edward Island,"Wheat, winter remaining",11500
2020,Prince Edward Island,"Wheat, winter remaining",16200
2021,Prince Edward Island,"Wheat, winter remaining",23267
2022,Prince Edward Island,"Wheat, winter remaining",44344
2012,Nova Scotia,Barley,6900
2013,Nova Scotia,Barley,5000
2014,Nova Scotia,Barley,3900
2015,Nova Scotia,Barley,4100
2016,Nova Scotia,Barley,4700
2017,Nova Scotia,Barley,5200
2018,Nova Scotia,Barley,2400
2019,Nova Scotia,Barley,3400
2020,Nova Scotia,Barley,2500
2021,Nova Scotia,Barley,4299
2022,Nova Scotia,Barley,2148
2018,Nova Scotia,Canola (rapeseed),0
2019,Nova Scotia,Canola (rapeseed),0
2020,Nova Scotia,Canola (rapeseed),0
2021,Nova Scotia,Canola (rapeseed),0
2022,Nova Scotia,Canola (rapeseed),0
2012,Nova Scotia,Corn for grain,55500
2013,Nova Scotia,Corn for grain,71100
2014,Nova Scotia,Corn for grain,54400
2015,Nova Scotia,Corn for grain,62300
2016,Nova Scotia,Corn for grain,59100
2017,Nova Scotia,Corn for grain,61500
2018,Nova Scotia,Corn for grain,69500
2019,Nova Scotia,Corn for grain,49500
2020,Nova Scotia,Corn for grain,51500
2021,Nova Scotia,Corn for grain,56045
2022,Nova Scotia,Corn for grain,47740
2012,Nova Scotia,Corn for silage,140600
2013,Nova Scotia,Corn for silage,122500
2014,Nova Scotia,Corn for silage,150600
2015,Nova Scotia,Corn for silage,133400
2016,Nova Scotia,Corn for silage,179600
2017,Nova Scotia,Corn for silage,181400
2018,Nova Scotia,Corn for silage,176700
2019,Nova Scotia,Corn for silage,187200
2020,Nova Scotia,Corn for silage,219500
2021,Nova Scotia,Corn for silage,216374
2022,Nova Scotia,Corn for silage,158829
2018,Nova Scotia,Lentils,0
2019,Nova Scotia,Lentils,0
2020,Nova Scotia,Lentils,0
2021,Nova Scotia,Lentils,0
2022,Nova Scotia,Lentils,0
2012,Nova Scotia,"Peas, dry",
2013,Nova Scotia,"Peas, dry",
2014,Nova Scotia,"Peas, dry",
2015,Nova Scotia,"Peas, dry",
2016,Nova Scotia,"Peas, dry",
2017,Nova Scotia,"Peas, dry",
2018,Nova Scotia,"Peas, dry",0
2019,Nova Scotia,"Peas, dry",0
2020,Nova Scotia,"Peas, dry",0
2021,Nova Scotia,"Peas, dry",
2022,Nova Scotia,"Peas, dry",
2012,Nova Scotia,"Rye, fall remaining",
2013,Nova Scotia,"Rye, fall remaining",
2014,Nova Scotia,"Rye, fall remaining",
2015,Nova Scotia,"Rye, fall remaining",
2016,Nova Scotia,"Rye, fall remaining",
2017,Nova Scotia,"Rye, fall remaining",
2018,Nova Scotia,"Rye, fall remaining",700
2019,Nova Scotia,"Rye, fall remaining",2700
2020,Nova Scotia,"Rye, fall remaining",500
2021,Nova Scotia,"Rye, fall remaining",1071
2022,Nova Scotia,"Rye, fall remaining",1002
2018,Nova Scotia,"Rye, spring",
2019,Nova Scotia,"Rye, spring",0
2020,Nova Scotia,"Rye, spring",0
2021,Nova Scotia,"Rye, spring",
2022,Nova Scotia,"Rye, spring",
2012,Nova Scotia,Soybeans,10600
2013,Nova Scotia,Soybeans,12000
2014,Nova Scotia,Soybeans,14800
2015,Nova Scotia,Soybeans,12800
2016,Nova Scotia,Soybeans,12800
2017,Nova Scotia,Soybeans,15500
2018,Nova Scotia,Soybeans,18500
2019,Nova Scotia,Soybeans,10700
2020,Nova Scotia,Soybeans,11200
2021,Nova Scotia,Soybeans,15842
2022,Nova Scotia,Soybeans,17079
2018,Nova Scotia,Sugar beets,0
2019,Nova Scotia,Sugar beets,0
2020,Nova Scotia,Sugar beets,0
2021,Nova Scotia,Sugar beets,
2022,Nova Scotia,Sugar beets,0
2018,Nova Scotia,Triticale,0
2019,Nova Scotia,Triticale,
2020,Nova Scotia,Triticale,0
2021,Nova Scotia,Triticale,
2022,Nova Scotia,Triticale,
2012,Nova Scotia,"Wheat, all",10800
2013,Nova Scotia,"Wheat, all",10500
2014,Nova Scotia,"Wheat, all",9200
2015,Nova Scotia,"Wheat, all",15200
2016,Nova Scotia,"Wheat, all",14700
2017,Nova Scotia,"Wheat, all",13200
2018,Nova Scotia,"Wheat, all",9600
2019,Nova Scotia,"Wheat, all",7300
2020,Nova Scotia,"Wheat, all",11800
2021,Nova Scotia,"Wheat, all",11200
2022,Nova Scotia,"Wheat, all",12546
2018,Nova Scotia,"Wheat, durum",0
2019,Nova Scotia,"Wheat, durum",0
2020,Nova Scotia,"Wheat, durum",0
2021,Nova Scotia,"Wheat, durum",
2022,Nova Scotia,"Wheat, durum",0
2012,Nova Scotia,"Wheat, spring",1100
2013,Nova Scotia,"Wheat, spring",1200
2014,Nova Scotia,"Wheat, spring",
2015,Nova Scotia,"Wheat, spring",
2016,Nova Scotia,"Wheat, spring",
2017,Nova Scotia,"Wheat, spring",
2018,Nova Scotia,"Wheat, spring",1700
2019,Nova Scotia,"Wheat, spring",1600
2020,Nova Scotia,"Wheat, spring",3200
2021,Nova Scotia,"Wheat, spring",
2022,Nova Scotia,"Wheat, spring",1089
2012,Nova Scotia,"Wheat, winter remaining",9700
2013,Nova Scotia,"Wheat, winter remaining",9300
2014,Nova Scotia,"Wheat, winter remaining",9200
2015,Nova Scotia,"Wheat, winter remaining",15200
2016,Nova Scotia,"Wheat, winter remaining",14700
2017,Nova Scotia,"Wheat, winter remaining",13200
2018,Nova Scotia,"Wheat, winter remaining",7900
2019,Nova Scotia,"Wheat, winter remaining",5700
2020,Nova Scotia,"Wheat, winter remaining",8700
2021,Nova Scotia,"Wheat, winter remaining",9041
2022,Nova Scotia,"Wheat, winter remaining",11457
2012,New Brunswick,Barley,26700
2013,New Brunswick,Barley,24600
2014,New Brunswick,Barley,20100
2015,New Brunswick,Barley,26100
2016,New Brunswick,Barley,22600
2017,New Brunswick,Barley,20400
2018,New Brunswick,Barley,12800
2019,New Brunswick,Barley,19800
2020,New Brunswick,Barley,17600
2021,New Brunswick,Barley,22736
2022,New Brunswick,Barley,19884
2012,New Brunswick,Canola (rapeseed),7800
2013,New Brunswick,Canola (rapeseed),6100
2014,New Brunswick,Canola (rapeseed),
2015,New Brunswick,Canola (rapeseed),
2016,New Brunswick,Canola (rapeseed),
2017,New Brunswick,Canola (rapeseed),
2018,New Brunswick,Canola (rapeseed),800
2019,New Brunswick,Canola (rapeseed),1200
2020,New Brunswick,Canola (rapeseed),700
2021,New Brunswick,Canola (rapeseed),
2022,New Brunswick,Canola (rapeseed),1186
2012,New Brunswick,Corn for grain,33400
2013,New Brunswick,Corn for grain,27900
2014,New Brunswick,Corn for grain,24400
2015,New Brunswick,Corn for grain,25900
2016,New Brunswick,Corn for grain,33000
2017,New Brunswick,Corn for grain,52800
2018,New Brunswick,Corn for grain,45300
2019,New Brunswick,Corn for grain,26000
2020,New Brunswick,Corn for grain,22300
2021,New Brunswick,Corn for grain,24974
2022,New Brunswick,Corn for grain,42857
2012,New Brunswick,Corn for silage,88900
2013,New Brunswick,Corn for silage,96200
2014,New Brunswick,Corn for silage,92500
2015,New Brunswick,Corn for silage,64400
2016,New Brunswick,Corn for silage,90700
2017,New Brunswick,Corn for silage,131500
2018,New Brunswick,Corn for silage,48200
2019,New Brunswick,Corn for silage,122700
2020,New Brunswick,Corn for silage,87000
2021,New Brunswick,Corn for silage,91774
2022,New Brunswick,Corn for silage,108348
2018,New Brunswick,Lentils,0
2019,New Brunswick,Lentils,0
2020,New Brunswick,Lentils,0
2021,New Brunswick,Lentils,0
2022,New Brunswick,Lentils,0
2012,New Brunswick,"Peas, dry",
2013,New Brunswick,"Peas, dry",
2014,New Brunswick,"Peas, dry",
2015,New Brunswick,"Peas, dry",
2016,New Brunswick,"Peas, dry",
2017,New Brunswick,"Peas, dry",
2018,New Brunswick,"Peas, dry",300
2019,New Brunswick,"Peas, dry",300
2020,New Brunswick,"Peas, dry",1500
2021,New Brunswick,"Peas, dry",
2022,New Brunswick,"Peas, dry",
2018,New Brunswick,"Rye, fall remaining",0
2019,New Brunswick,"Rye, fall remaining",
2020,New Brunswick,"Rye, fall remaining",
2021,New Brunswick,"Rye, fall remaining",1289
2022,New Brunswick,"Rye, fall remaining",268
2018,New Brunswick,"Rye, spring",
2019,New Brunswick,"Rye, spring",0
2020,New Brunswick,"Rye, spring",0
2021,New Brunswick,"Rye, spring",
2022,New Brunswick,"Rye, spring",0
2012,New Brunswick,Soybeans,9300
2013,New Brunswick,Soybeans,13200
2014,New Brunswick,Soybeans,11700
2015,New Brunswick,Soybeans,10900
2016,New Brunswick,Soybeans,12800
2017,New Brunswick,Soybeans,16200
2018,New Brunswick,Soybeans,14900
2019,New Brunswick,Soybeans,9500
2020,New Brunswick,Soybeans,5400
2021,New Brunswick,Soybeans,8837
2022,New Brunswick,Soybeans,
2018,New Brunswick,Sugar beets,0
2019,New Brunswick,Sugar beets,0
2020,New Brunswick,Sugar beets,0
2021,New Brunswick,Sugar beets,0
2022,New Brunswick,Sugar beets,0
2018,New Brunswick,Triticale,0
2019,New Brunswick,Triticale,0
2020,New Brunswick,Triticale,0
2021,New Brunswick,Triticale,
2022,New Brunswick,Triticale,0
2012,New Brunswick,"Wheat, all",6300
2013,New Brunswick,"Wheat, all",7300
2014,New Brunswick,"Wheat, all",9100
2015,New Brunswick,"Wheat, all",13900
2016,New Brunswick,"Wheat, all",11400
2017,New Brunswick,"Wheat, all",10300
2018,New Brunswick,"Wheat, all",14500
2019,New Brunswick,"Wheat, all",18400
2020,New Brunswick,"Wheat, all",14300
2021,New Brunswick,"Wheat, all",10100
2022,New Brunswick,"Wheat, all",13428
2018,New Brunswick,"Wheat, durum",0
2019,New Brunswick,"Wheat, durum",0
2020,New Brunswick,"Wheat, durum",0
2021,New Brunswick,"Wheat, durum",
2022,New Brunswick,"Wheat, durum",0
2012,New Brunswick,"Wheat, spring",4900
2013,New Brunswick,"Wheat, spring",5100
2014,New Brunswick,"Wheat, spring",9100
2015,New Brunswick,"Wheat, spring",13900
2016,New Brunswick,"Wheat, spring",11400
2017,New Brunswick,"Wheat, spring",10300
2018,New Brunswick,"Wheat, spring",9600
2019,New Brunswick,"Wheat, spring",13200
2020,New Brunswick,"Wheat, spring",13100
2021,New Brunswick,"Wheat, spring",8080
2022,New Brunswick,"Wheat, spring",13155
2012,New Brunswick,"Wheat, winter remaining",1400
2013,New Brunswick,"Wheat, winter remaining",2200
2014,New Brunswick,"Wheat, winter remaining",
2015,New Brunswick,"Wheat, winter remaining",
2016,New Brunswick,"Wheat, winter remaining",
2017,New Brunswick,"Wheat, winter remaining",
2018,New Brunswick,"Wheat, winter remaining",4900
2019,New Brunswick,"Wheat, winter remaining",5200
2020,New Brunswick,"Wheat, winter remaining",1200
2021,New Brunswick,"Wheat, winter remaining",2021
2022,New Brunswick,"Wheat, winter remaining",273
2012,Quebec,Barley,234000
2013,Quebec,Barley,221000
2014,Quebec,Barley,163500
2015,Quebec,Barley,168000
2016,Quebec,Barley,175000
2017,Quebec,Barley,171000
2018,Quebec,Barley,157000
2019,Quebec,Barley,156600
2020,Quebec,Barley,125900
2021,Quebec,Barley,132552
2022,Quebec,Barley,105335
2012,Quebec,Canola (rapeseed),33000
2013,Quebec,Canola (rapeseed),33500
2014,Quebec,Canola (rapeseed),27500
2015,Quebec,Canola (rapeseed),26000
2016,Quebec,Canola (rapeseed),32700
2017,Quebec,Canola (rapeseed),36500
2018,Quebec,Canola (rapeseed),35100
2019,Quebec,Canola (rapeseed),25700
2020,Quebec,Canola (rapeseed),24000
2021,Quebec,Canola (rapeseed),29941
2022,Quebec,Canola (rapeseed),38674
2012,Quebec,Corn for grain,3505000
2013,Quebec,Corn for grain,3775000
2014,Quebec,Corn for grain,3140200
2015,Quebec,Corn for grain,3787800
2016,Quebec,Corn for grain,4121300
2017,Quebec,Corn for grain,3780200
2018,Quebec,Corn for grain,3619600
2019,Quebec,Corn for grain,3369000
2020,Quebec,Corn for grain,3264100
2021,Quebec,Corn for grain,3545142
2022,Quebec,Corn for grain,3560877
2012,Quebec,Corn for silage,2430300
2013,Quebec,Corn for silage,2350500
2014,Quebec,Corn for silage,2711600
2015,Quebec,Corn for silage,2822300
2016,Quebec,Corn for silage,2857600
2017,Quebec,Corn for silage,2809600
2018,Quebec,Corn for silage,2732400
2019,Quebec,Corn for silage,2471300
2020,Quebec,Corn for silage,2344200
2021,Quebec,Corn for silage,2913481
2022,Quebec,Corn for silage,2481319
2018,Quebec,Lentils,0
2019,Quebec,Lentils,0
2020,Quebec,Lentils,0
2021,Quebec,Lentils,
2022,Quebec,Lentils,0
2012,Quebec,"Peas, dry",
2013,Quebec,"Peas, dry",
2014,Quebec,"Peas, dry",
2015,Quebec,"Peas, dry",
2016,Quebec,"Peas, dry",
2017,Quebec,"Peas, dry",
2018,Quebec,"Peas, dry",3400
2019,Quebec,"Peas, dry",4200
2020,Quebec,"Peas, dry",9300
2021,Quebec,"Peas, dry",
2022,Quebec,"Peas, dry",6315
2012,Quebec,"Rye, fall remaining",
2013,Quebec,"Rye, fall remaining",
2014,Quebec,"Rye, fall remaining",6000
2015,Quebec,"Rye, fall remaining",14000
2016,Quebec,"Rye, fall remaining",25300
2017,Quebec,"Rye, fall remaining",15000
2018,Quebec,"Rye, fall remaining",16200
2019,Quebec,"Rye, fall remaining",20100
2020,Quebec,"Rye, fall remaining",22300
2021,Quebec,"Rye, fall remaining",39586
2022,Quebec,"Rye, fall remaining",59314
2018,Quebec,"Rye, spring",
2019,Quebec,"Rye, spring",
2020,Quebec,"Rye, spring",3500
2021,Quebec,"Rye, spring",
2022,Quebec,"Rye, spring",
2012,Quebec,Soybeans,843000
2013,Quebec,Soybeans,847000
2014,Quebec,Soybeans,898000
2015,Quebec,Soybeans,1088100
2016,Quebec,Soybeans,1129400
2017,Quebec,Soybeans,1115000
2018,Quebec,Soybeans,1164000
2019,Quebec,Soybeans,1146000
2020,Quebec,Soybeans,1159700
2021,Quebec,Soybeans,1146934
2022,Quebec,Soybeans,1126353
2012,Quebec,Sugar beets,
2013,Quebec,Sugar beets,
2014,Quebec,Sugar beets,
2015,Quebec,Sugar beets,
2016,Quebec,Sugar beets,
2017,Quebec,Sugar beets,
2018,Quebec,Sugar beets,
2019,Quebec,Sugar beets,
2020,Quebec,Sugar beets,0
2021,Quebec,Sugar beets,
2022,Quebec,Sugar beets,0
2018,Quebec,Triticale,3200
2019,Quebec,Triticale,4100
2020,Quebec,Triticale,2400
2021,Quebec,Triticale,
2022,Quebec,Triticale,2687
2012,Quebec,"Wheat, all",160000
2013,Quebec,"Wheat, all",183300
2014,Quebec,"Wheat, all",204500
2015,Quebec,"Wheat, all",281500
2016,Quebec,"Wheat, all",310100
2017,Quebec,"Wheat, all",295000
2018,Quebec,"Wheat, all",290100
2019,Quebec,"Wheat, all",276400
2020,Quebec,"Wheat, all",248500
2021,Quebec,"Wheat, all",329200
2022,Quebec,"Wheat, all",347135
2018,Quebec,"Wheat, durum",
2019,Quebec,"Wheat, durum",
2020,Quebec,"Wheat, durum",0
2021,Quebec,"Wheat, durum",
2022,Quebec,"Wheat, durum",
2012,Quebec,"Wheat, spring",142500
2013,Quebec,"Wheat, spring",158500
2014,Quebec,"Wheat, spring",184000
2015,Quebec,"Wheat, spring",245000
2016,Quebec,"Wheat, spring",257000
2017,Quebec,"Wheat, spring",238000
2018,Quebec,"Wheat, spring",221400
2019,Quebec,"Wheat, spring",248400
2020,Quebec,"Wheat, spring",216900
2021,Quebec,"Wheat, spring",252730
2022,Quebec,"Wheat, spring",243245
2012,Quebec,"Wheat, winter remaining",17500
2013,Quebec,"Wheat, winter remaining",24800
2014,Quebec,"Wheat, winter remaining",20500
2015,Quebec,"Wheat, winter remaining",36500
2016,Quebec,"Wheat, winter remaining",53000
2017,Quebec,"Wheat, winter remaining",57000
2018,Quebec,"Wheat, winter remaining",68700
2019,Quebec,"Wheat, winter remaining",28000
2020,Quebec,"Wheat, winter remaining",31700
2021,Quebec,"Wheat, winter remaining",76488
2022,Quebec,"Wheat, winter remaining",93476
2012,Ontario,Barley,165500
2013,Ontario,Barley,134600
2014,Ontario,Barley,151300
2015,Ontario,Barley,158900
2016,Ontario,Barley,130600
2017,Ontario,Barley,99900
2018,Ontario,Barley,105200
2019,Ontario,Barley,134200
2020,Ontario,Barley,113100
2021,Ontario,Barley,90153
2022,Ontario,Barley,104588
2012,Ontario,Canola (rapeseed),61200
2013,Ontario,Canola (rapeseed),49900
2014,Ontario,Canola (rapeseed),31300
2015,Ontario,Canola (rapeseed),34000
2016,Ontario,Canola (rapeseed),37100
2017,Ontario,Canola (rapeseed),45400
2018,Ontario,Canola (rapeseed),66700
2019,Ontario,Canola (rapeseed),42200
2020,Ontario,Canola (rapeseed),33400
2021,Ontario,Canola (rapeseed),40732
2022,Ontario,Canola (rapeseed),62528
2012,Ontario,Corn for grain,8598300
2013,Ontario,Corn for grain,9007300
2014,Ontario,Corn for grain,7600000
2015,Ontario,Corn for grain,8928500
2016,Ontario,Corn for grain,8382400
2017,Ontario,Corn for grain,8738000
2018,Ontario,Corn for grain,8767900
2019,Ontario,Corn for grain,8640600
2020,Ontario,Corn for grain,8908800
2021,Ontario,Corn for grain,9722436
2022,Ontario,Corn for grain,9440801
2012,Ontario,Corn for silage,4898800
2013,Ontario,Corn for silage,5080200
2014,Ontario,Corn for silage,5034900
2015,Ontario,Corn for silage,4626600
2016,Ontario,Corn for silage,5366000
2017,Ontario,Corn for silage,5987400
2018,Ontario,Corn for silage,5348600
2019,Ontario,Corn for silage,4742600
2020,Ontario,Corn for silage,3945600
2021,Ontario,Corn for silage,4690721
2022,Ontario,Corn for silage,3501495
2018,Ontario,Lentils,0
2019,Ontario,Lentils,3900
2020,Ontario,Lentils,0
2021,Ontario,Lentils,
2022,Ontario,Lentils,0
2012,Ontario,"Peas, dry",
2013,Ontario,"Peas, dry",
2014,Ontario,"Peas, dry",
2015,Ontario,"Peas, dry",
2016,Ontario,"Peas, dry",
2017,Ontario,"Peas, dry",
2018,Ontario,"Peas, dry",5600
2019,Ontario,"Peas, dry",8000
2020,Ontario,"Peas, dry",13400
2021,Ontario,"Peas, dry",6724
2022,Ontario,"Peas, dry",9223
2012,Ontario,"Rye, fall remaining",29200
2013,Ontario,"Rye, fall remaining",29100
2014,Ontario,"Rye, fall remaining",34300
2015,Ontario,"Rye, fall remaining",46500
2016,Ontario,"Rye, fall remaining",58400
2017,Ontario,"Rye, fall remaining",48000
2018,Ontario,"Rye, fall remaining",66600
2019,Ontario,"Rye, fall remaining",42300
2020,Ontario,"Rye, fall remaining",82500
2021,Ontario,"Rye, fall remaining",74119
2022,Ontario,"Rye, fall remaining",69826
2018,Ontario,"Rye, spring",
2019,Ontario,"Rye, spring",800
2020,Ontario,"Rye, spring",2000
2021,Ontario,"Rye, spring",4017
2022,Ontario,"Rye, spring",
2012,Ontario,Soybeans,3401900
2013,Ontario,Soybeans,3238600
2014,Ontario,Soybeans,3791100
2015,Ontario,Soybeans,3728500
2016,Ontario,Soybeans,3429200
2017,Ontario,Soybeans,3796600
2018,Ontario,Soybeans,4200500
2019,Ontario,Soybeans,3708200
2020,Ontario,Soybeans,3908700
2021,Ontario,Soybeans,3955870
2022,Ontario,Soybeans,3996015
2012,Ontario,Sugar beets,
2013,Ontario,Sugar beets,
2014,Ontario,Sugar beets,
2015,Ontario,Sugar beets,
2016,Ontario,Sugar beets,
2017,Ontario,Sugar beets,
2018,Ontario,Sugar beets,
2019,Ontario,Sugar beets,383100
2020,Ontario,Sugar beets,281200
2021,Ontario,Sugar beets,268835
2022,Ontario,Sugar beets,269789
2018,Ontario,Triticale,700
2019,Ontario,Triticale,2700
2020,Ontario,Triticale,2200
2021,Ontario,Triticale,7480
2022,Ontario,Triticale,
2012,Ontario,"Wheat, all",1924200
2013,Ontario,"Wheat, all",2423800
2014,Ontario,"Wheat, all",1750000
2015,Ontario,"Wheat, all",1605700
2016,Ontario,"Wheat, all",2743300
2017,Ontario,"Wheat, all",2299700
2018,Ontario,"Wheat, all",2200000
2019,Ontario,"Wheat, all",1521700
2020,Ontario,"Wheat, all",2485300
2021,Ontario,"Wheat, all",2993000
2022,Ontario,"Wheat, all",2397339
2018,Ontario,"Wheat, durum",0
2019,Ontario,"Wheat, durum",0
2020,Ontario,"Wheat, durum",0
2021,Ontario,"Wheat, durum",
2022,Ontario,"Wheat, durum",
2012,Ontario,"Wheat, spring",133400
2013,Ontario,"Wheat, spring",113600
2014,Ontario,"Wheat, spring",122500
2015,Ontario,"Wheat, spring",217700
2016,Ontario,"Wheat, spring",171500
2017,Ontario,"Wheat, spring",114300
2018,Ontario,"Wheat, spring",121000
2019,Ontario,"Wheat, spring",151200
2020,Ontario,"Wheat, spring",146900
2021,Ontario,"Wheat, spring",166441
2022,Ontario,"Wheat, spring",157612
2012,Ontario,"Wheat, winter remaining",1790800
2013,Ontario,"Wheat, winter remaining",2310200
2014,Ontario,"Wheat, winter remaining",1627500
2015,Ontario,"Wheat, winter remaining",1388000
2016,Ontario,"Wheat, winter remaining",2571900
2017,Ontario,"Wheat, winter remaining",2185400
2018,Ontario,"Wheat, winter remaining",2079500
2019,Ontario,"Wheat, winter remaining",1370500
2020,Ontario,"Wheat, winter remaining",2338400
2021,Ontario,"Wheat, winter remaining",2826576
2022,Ontario,"Wheat, winter remaining",2227872
2012,Manitoba,Barley,618300
2013,Manitoba,Barley,756600
2014,Manitoba,Barley,354900
2015,Manitoba,Barley,598700
2016,Manitoba,Barley,587900
2017,Manitoba,Barley,437600
2018,Manitoba,Barley,500900
2019,Manitoba,Barley,528900
2020,Manitoba,Barley,686400
2021,Manitoba,Barley,439244
2022,Manitoba,Barley,657317
2012,Manitoba,Canola (rapeseed),2100100
2013,Manitoba,Canola (rapeseed),3025500
2014,Manitoba,Canola (rapeseed),2510600
2015,Manitoba,Canola (rapeseed),2857600
2016,Manitoba,Canola (rapeseed),2608200
2017,Manitoba,Canola (rapeseed),3147900
2018,Manitoba,Canola (rapeseed),3318400
2019,Manitoba,Canola (rapeseed),3056300
2020,Manitoba,Canola (rapeseed),3190700
2021,Manitoba,Canola (rapeseed),2800089
2022,Manitoba,Canola (rapeseed),3162428
2012,Manitoba,Corn for grain,815400
2013,Manitoba,Corn for grain,1219300
2014,Manitoba,Corn for grain,696000
2015,Manitoba,Corn for grain,787400
2016,Manitoba,Corn for grain,1168500
2017,Manitoba,Corn for grain,1270100
2018,Manitoba,Corn for grain,1200000
2019,Manitoba,Corn for grain,1185100
2020,Manitoba,Corn for grain,1140300
2021,Manitoba,Corn for grain,1004647
2022,Manitoba,Corn for grain,1331625
2012,Manitoba,Corn for silage,1134000
2013,Manitoba,Corn for silage,1814400
2014,Manitoba,Corn for silage,1356200
2015,Manitoba,Corn for silage,1859700
2016,Manitoba,Corn for silage,1814400
2017,Manitoba,Corn for silage,1238300
2018,Manitoba,Corn for silage,1545500
2019,Manitoba,Corn for silage,1612100
2020,Manitoba,Corn for silage,1643600
2021,Manitoba,Corn for silage,1411570
2022,Manitoba,Corn for silage,1473603
2012,Manitoba,Lentils,
2013,Manitoba,Lentils,
2014,Manitoba,Lentils,
2015,Manitoba,Lentils,
2016,Manitoba,Lentils,
2017,Manitoba,Lentils,
2018,Manitoba,Lentils,700
2019,Manitoba,Lentils,
2020,Manitoba,Lentils,
2021,Manitoba,Lentils,
2022,Manitoba,Lentils,
2012,Manitoba,"Peas, dry",64000
2013,Manitoba,"Peas, dry",67700
2014,Manitoba,"Peas, dry",60000
2015,Manitoba,"Peas, dry",78200
2016,Manitoba,"Peas, dry",164200
2017,Manitoba,"Peas, dry",80300
2018,Manitoba,"Peas, dry",104800
2019,Manitoba,"Peas, dry",163900
2020,Manitoba,"Peas, dry",246200
2021,Manitoba,"Peas, dry",200318
2022,Manitoba,"Peas, dry",255507
2012,Manitoba,"Rye, fall remaining",124500
2013,Manitoba,"Rye, fall remaining",86400
2014,Manitoba,"Rye, fall remaining",66000
2015,Manitoba,"Rye, fall remaining",78700
2016,Manitoba,"Rye, fall remaining",139700
2017,Manitoba,"Rye, fall remaining",132000
2018,Manitoba,"Rye, fall remaining",68200
2019,Manitoba,"Rye, fall remaining",130300
2020,Manitoba,"Rye, fall remaining",138500
2021,Manitoba,"Rye, fall remaining",105280
2022,Manitoba,"Rye, fall remaining",201343
2012,Manitoba,"Rye, spring",
2013,Manitoba,"Rye, spring",
2014,Manitoba,"Rye, spring",
2015,Manitoba,"Rye, spring",
2016,Manitoba,"Rye, spring",
2017,Manitoba,"Rye, spring",
2018,Manitoba,"Rye, spring",
2019,Manitoba,"Rye, spring",2300
2020,Manitoba,"Rye, spring",2900
2021,Manitoba,"Rye, spring",
2022,Manitoba,"Rye, spring",0
2012,Manitoba,Soybeans,770200
2013,Manitoba,Soybeans,1068200
2014,Manitoba,Soybeans,1107700
2015,Manitoba,Soybeans,1390700
2016,Manitoba,Soybeans,1769000
2017,Manitoba,Soybeans,2245300
2018,Manitoba,Soybeans,1731600
2019,Manitoba,Soybeans,1122300
2020,Manitoba,Soybeans,1162800
2021,Manitoba,Soybeans,1015853
2022,Manitoba,Soybeans,1318459
2012,Manitoba,Sugar beets,
2013,Manitoba,Sugar beets,
2014,Manitoba,Sugar beets,
2015,Manitoba,Sugar beets,
2016,Manitoba,Sugar beets,
2017,Manitoba,Sugar beets,
2018,Manitoba,Sugar beets,0
2019,Manitoba,Sugar beets,0
2020,Manitoba,Sugar beets,0
2021,Manitoba,Sugar beets,
2022,Manitoba,Sugar beets,0
2012,Manitoba,Triticale,
2013,Manitoba,Triticale,
2014,Manitoba,Triticale,
2015,Manitoba,Triticale,
2016,Manitoba,Triticale,
2017,Manitoba,Triticale,
2018,Manitoba,Triticale,2100
2019,Manitoba,Triticale,
2020,Manitoba,Triticale,
2021,Manitoba,Triticale,
2022,Manitoba,Triticale,
2012,Manitoba,"Wheat, all",3923000
2013,Manitoba,"Wheat, all",5160000
2014,Manitoba,"Wheat, all",3797500
2015,Manitoba,"Wheat, all",4218300
2016,Manitoba,"Wheat, all",4217400
2017,Manitoba,"Wheat, all",4475900
2018,Manitoba,"Wheat, all",4791600
2019,Manitoba,"Wheat, all",5050000
2020,Manitoba,"Wheat, all",5274100
2021,Manitoba,"Wheat, all",3762800
2022,Manitoba,"Wheat, all",4759348
2012,Manitoba,"Wheat, durum",
2013,Manitoba,"Wheat, durum",
2014,Manitoba,"Wheat, durum",
2015,Manitoba,"Wheat, durum",
2016,Manitoba,"Wheat, durum",
2017,Manitoba,"Wheat, durum",
2018,Manitoba,"Wheat, durum",
2019,Manitoba,"Wheat, durum",27300
2020,Manitoba,"Wheat, durum",35300
2021,Manitoba,"Wheat, durum",16759
2022,Manitoba,"Wheat, durum",53368
2012,Manitoba,"Wheat, spring",2946000
2013,Manitoba,"Wheat, spring",4376200
2014,Manitoba,"Wheat, spring",3326700
2015,Manitoba,"Wheat, spring",3850900
2016,Manitoba,"Wheat, spring",3895000
2017,Manitoba,"Wheat, spring",4358100
2018,Manitoba,"Wheat, spring",4717400
2019,Manitoba,"Wheat, spring",4955700
2020,Manitoba,"Wheat, spring",5184500
2021,Manitoba,"Wheat, spring",3686732
2022,Manitoba,"Wheat, spring",4668394
2012,Manitoba,"Wheat, winter remaining",977000
2013,Manitoba,"Wheat, winter remaining",783800
2014,Manitoba,"Wheat, winter remaining",470800
2015,Manitoba,"Wheat, winter remaining",367400
2016,Manitoba,"Wheat, winter remaining",322500
2017,Manitoba,"Wheat, winter remaining",117700
2018,Manitoba,"Wheat, winter remaining",60400
2019,Manitoba,"Wheat, winter remaining",67000
2020,Manitoba,"Wheat, winter remaining",54100
2021,Manitoba,"Wheat, winter remaining",59331
2022,Manitoba,"Wheat, winter remaining",37586
2012,Saskatchewan,Barley,2351400
2013,Saskatchewan,Barley,3411700
2014,Saskatchewan,Barley,2172900
2015,Saskatchewan,Barley,2863100
2016,Saskatchewan,Barley,3374700
2017,Saskatchewan,Barley,3135200
2018,Saskatchewan,Barley,3439200
2019,Saskatchewan,Barley,4449200
2020,Saskatchewan,Barley,4385100
2021,Saskatchewan,Barley,2499078
2022,Saskatchewan,Barley,3550934
2012,Saskatchewan,Canola (rapeseed),6486400
2013,Saskatchewan,Canola (rapeseed),9178400
2014,Saskatchewan,Canola (rapeseed),7971900
2015,Saskatchewan,Canola (rapeseed),9536800
2016,Saskatchewan,Canola (rapeseed),10682100
2017,Saskatchewan,Canola (rapeseed),11311000
2018,Saskatchewan,Canola (rapeseed),11308000
2019,Saskatchewan,Canola (rapeseed),11394000
2020,Saskatchewan,Canola (rapeseed),10967900
2021,Saskatchewan,Canola (rapeseed),6968814
2022,Saskatchewan,Canola (rapeseed),9768267
2012,Saskatchewan,Corn for grain,
2013,Saskatchewan,Corn for grain,
2014,Saskatchewan,Corn for grain,
2015,Saskatchewan,Corn for grain,
2016,Saskatchewan,Corn for grain,
2017,Saskatchewan,Corn for grain,
2018,Saskatchewan,Corn for grain,26600
2019,Saskatchewan,Corn for grain,
2020,Saskatchewan,Corn for grain,19300
2021,Saskatchewan,Corn for grain,16682
2022,Saskatchewan,Corn for grain,
2012,Saskatchewan,Corn for silage,208700
2013,Saskatchewan,Corn for silage,285800
2014,Saskatchewan,Corn for silage,285800
2015,Saskatchewan,Corn for silage,238600
2016,Saskatchewan,Corn for silage,580600
2017,Saskatchewan,Corn for silage,816500
2018,Saskatchewan,Corn for silage,965900
2019,Saskatchewan,Corn for silage,862900
2020,Saskatchewan,Corn for silage,427300
2021,Saskatchewan,Corn for silage,550792
2022,Saskatchewan,Corn for silage,474492
2012,Saskatchewan,Lentils,1469800
2013,Saskatchewan,Lentils,2151400
2014,Saskatchewan,Lentils,1902600
2015,Saskatchewan,Lentils,2364100
2016,Saskatchewan,Lentils,2742000
2017,Saskatchewan,Lentils,2294100
2018,Saskatchewan,Lentils,1991800
2019,Saskatchewan,Lentils,2209800
2020,Saskatchewan,Lentils,2497200
2021,Saskatchewan,Lentils,1420485
2022,Saskatchewan,Lentils,1963760
2012,Saskatchewan,"Peas, dry",2068400
2013,Saskatchewan,"Peas, dry",2571800
2014,Saskatchewan,"Peas, dry",2256200
2015,Saskatchewan,"Peas, dry",1778500
2016,Saskatchewan,"Peas, dry",2346100
2017,Saskatchewan,"Peas, dry",1973800
2018,Saskatchewan,"Peas, dry",1780700
2019,Saskatchewan,"Peas, dry",2313100
2020,Saskatchewan,"Peas, dry",2477700
2021,Saskatchewan,"Peas, dry",1105792
2022,Saskatchewan,"Peas, dry",1570412
2012,Saskatchewan,"Rye, fall remaining",148600
2013,Saskatchewan,"Rye, fall remaining",71100
2014,Saskatchewan,"Rye, fall remaining",80300
2015,Saskatchewan,"Rye, fall remaining",53300
2016,Saskatchewan,"Rye, fall remaining",152900
2017,Saskatchewan,"Rye, fall remaining",113000
2018,Saskatchewan,"Rye, fall remaining",42800
2019,Saskatchewan,"Rye, fall remaining",99300
2020,Saskatchewan,"Rye, fall remaining",119300
2021,Saskatchewan,"Rye, fall remaining",49564
2022,Saskatchewan,"Rye, fall remaining",84207
2012,Saskatchewan,"Rye, spring",
2013,Saskatchewan,"Rye, spring",
2014,Saskatchewan,"Rye, spring",
2015,Saskatchewan,"Rye, spring",
2016,Saskatchewan,"Rye, spring",
2017,Saskatchewan,"Rye, spring",
2018,Saskatchewan,"Rye, spring",
2019,Saskatchewan,"Rye, spring",3500
2020,Saskatchewan,"Rye, spring",2600
2021,Saskatchewan,"Rye, spring",2883
2022,Saskatchewan,"Rye, spring",
2012,Saskatchewan,Soybeans,
2013,Saskatchewan,Soybeans,118400
2014,Saskatchewan,Soybeans,163300
2015,Saskatchewan,Soybeans,179600
2016,Saskatchewan,Soybeans,202500
2017,Saskatchewan,Soybeans,479000
2018,Saskatchewan,Soybeans,231800
2019,Saskatchewan,Soybeans,107200
2020,Saskatchewan,Soybeans,68800
2021,Saskatchewan,Soybeans,44502
2022,Saskatchewan,Soybeans,36883
2018,Saskatchewan,Sugar beets,
2019,Saskatchewan,Sugar beets,0
2020,Saskatchewan,Sugar beets,0
2021,Saskatchewan,Sugar beets,0
2022,Saskatchewan,Sugar beets,0
2012,Saskatchewan,Triticale,16500
2013,Saskatchewan,Triticale,12700
2014,Saskatchewan,Triticale,16300
2015,Saskatchewan,Triticale,10400
2016,Saskatchewan,Triticale,22900
2017,Saskatchewan,Triticale,9800
2018,Saskatchewan,Triticale,23600
2019,Saskatchewan,Triticale,34700
2020,Saskatchewan,Triticale,16200
2021,Saskatchewan,Triticale,10259
2022,Saskatchewan,Triticale,31564
2012,Saskatchewan,"Wheat, all",12727300
2013,Saskatchewan,"Wheat, all",18298300
2014,Saskatchewan,"Wheat, all",14158100
2015,Saskatchewan,"Wheat, all",13044500
2016,Saskatchewan,"Wheat, all",14548600
2017,Saskatchewan,"Wheat, all",13185400
2018,Saskatchewan,"Wheat, all",14877100
2019,Saskatchewan,"Wheat, all",15360800
2020,Saskatchewan,"Wheat, all",16238400
2021,Saskatchewan,"Wheat, all",8833900
2022,Saskatchewan,"Wheat, all",15276375
2012,Saskatchewan,"Wheat, durum",3894500
2013,Saskatchewan,"Wheat, durum",5633600
2014,Saskatchewan,"Wheat, durum",4485100
2015,Saskatchewan,"Wheat, durum",4572200
2016,Saskatchewan,"Wheat, durum",6177900
2017,Saskatchewan,"Wheat, durum",3879000
2018,Saskatchewan,"Wheat, durum",4636100
2019,Saskatchewan,"Wheat, durum",4342400
2020,Saskatchewan,"Wheat, durum",5211200
2021,Saskatchewan,"Wheat, durum",2416061
2022,Saskatchewan,"Wheat, durum",4516489
2012,Saskatchewan,"Wheat, spring",8068000
2013,Saskatchewan,"Wheat, spring",12241500
2014,Saskatchewan,"Wheat, spring",9150500
2015,Saskatchewan,"Wheat, spring",8216500
2016,Saskatchewan,"Wheat, spring",7989600
2017,Saskatchewan,"Wheat, spring",9015800
2018,Saskatchewan,"Wheat, spring",10084900
2019,Saskatchewan,"Wheat, spring",10924400
2020,Saskatchewan,"Wheat, spring",10874500
2021,Saskatchewan,"Wheat, spring",6377062
2022,Saskatchewan,"Wheat, spring",10669336
2012,Saskatchewan,"Wheat, winter remaining",764800
2013,Saskatchewan,"Wheat, winter remaining",423200
2014,Saskatchewan,"Wheat, winter remaining",522500
2015,Saskatchewan,"Wheat, winter remaining",255800
2016,Saskatchewan,"Wheat, winter remaining",381000
2017,Saskatchewan,"Wheat, winter remaining",290500
2018,Saskatchewan,"Wheat, winter remaining",156100
2019,Saskatchewan,"Wheat, winter remaining",94000
2020,Saskatchewan,"Wheat, winter remaining",152700
2021,Saskatchewan,"Wheat, winter remaining",40759
2022,Saskatchewan,"Wheat, winter remaining",90550
2012,Alberta,Barley,4463300
2013,Alberta,Barley,5545400
2014,Alberta,Barley,4131300
2015,Alberta,Barley,4289200
2016,Alberta,Barley,4398000
2017,Alberta,Barley,3906000
2018,Alberta,Barley,3996300
2019,Alberta,Barley,4955200
2020,Alberta,Barley,5283000
2021,Alberta,Barley,3647938
2022,Alberta,Barley,5380670
2012,Alberta,Canola (rapeseed),5097200
2013,Alberta,Canola (rapeseed),6168900
2014,Alberta,Canola (rapeseed),5796900
2015,Alberta,Canola (rapeseed),5851300
2016,Alberta,Canola (rapeseed),6157500
2017,Alberta,Canola (rapeseed),6826600
2018,Alberta,Canola (rapeseed),5870600
2019,Alberta,Canola (rapeseed),5320100
2020,Alberta,Canola (rapeseed),5212100
2021,Alberta,Canola (rapeseed),4341000
2022,Alberta,Canola (rapeseed),5591701
2012,Alberta,Corn for grain,35600
2013,Alberta,Corn for grain,66000
2014,Alberta,Corn for grain,91400
2015,Alberta,Corn for grain,87600
2016,Alberta,Corn for grain,98000
2017,Alberta,Corn for grain,152900
2018,Alberta,Corn for grain,118300
2019,Alberta,Corn for grain,63300
2020,Alberta,Corn for grain,108600
2021,Alberta,Corn for grain,162127
2022,Alberta,Corn for grain,44024
2012,Alberta,Corn for silage,1138500
2013,Alberta,Corn for silage,1551300
2014,Alberta,Corn for silage,1251900
2015,Alberta,Corn for silage,1388000
2016,Alberta,Corn for silage,1814400
2017,Alberta,Corn for silage,1564900
2018,Alberta,Corn for silage,1660400
2019,Alberta,Corn for silage,1687600
2020,Alberta,Corn for silage,2018200
2021,Alberta,Corn for silage,1679647
2022,Alberta,Corn for silage,1866406
2012,Alberta,Lentils,68100
2013,Alberta,Lentils,110300
2014,Alberta,Lentils,84400
2015,Alberta,Lentils,176400
2016,Alberta,Lentils,451800
2017,Alberta,Lentils,264400
2018,Alberta,Lentils,199600
2019,Alberta,Lentils,167600
2020,Alberta,Lentils,370500
2021,Alberta,Lentils,169564
2022,Alberta,Lentils,334162
2012,Alberta,"Peas, dry",1208400
2013,Alberta,"Peas, dry",1321300
2014,Alberta,"Peas, dry",1475100
2015,Alberta,"Peas, dry",1314500
2016,Alberta,"Peas, dry",2271200
2017,Alberta,"Peas, dry",1991500
2018,Alberta,"Peas, dry",1608400
2019,Alberta,"Peas, dry",1685900
2020,Alberta,"Peas, dry",1799100
2021,Alberta,"Peas, dry",894598
2022,Alberta,"Peas, dry",1555344
2012,Alberta,"Rye, fall remaining",34300
2013,Alberta,"Rye, fall remaining",36300
2014,Alberta,"Rye, fall remaining",30900
2015,Alberta,"Rye, fall remaining",33000
2016,Alberta,"Rye, fall remaining",59700
2017,Alberta,"Rye, fall remaining",33500
2018,Alberta,"Rye, fall remaining",29700
2019,Alberta,"Rye, fall remaining",26700
2020,Alberta,"Rye, fall remaining",106500
2021,Alberta,"Rye, fall remaining",87066
2022,Alberta,"Rye, fall remaining",91244
2012,Alberta,"Rye, spring",
2013,Alberta,"Rye, spring",
2014,Alberta,"Rye, spring",
2015,Alberta,"Rye, spring",
2016,Alberta,"Rye, spring",
2017,Alberta,"Rye, spring",
2018,Alberta,"Rye, spring",
2019,Alberta,"Rye, spring",
2020,Alberta,"Rye, spring",
2021,Alberta,"Rye, spring",
2022,Alberta,"Rye, spring",
2017,Alberta,Soybeans,
2018,Alberta,Soybeans,11600
2019,Alberta,Soybeans,4900
2020,Alberta,Soybeans,
2021,Alberta,Soybeans,
2022,Alberta,Soybeans,
2012,Alberta,Sugar beets,598700
2013,Alberta,Sugar beets,598700
2014,Alberta,Sugar beets,580600
2015,Alberta,Sugar beets,503500
2016,Alberta,Sugar beets,811900
2017,Alberta,Sugar beets,771100
2018,Alberta,Sugar beets,854500
2019,Alberta,Sugar beets,520700
2020,Alberta,Sugar beets,833100
2021,Alberta,Sugar beets,942469
2022,Alberta,Sugar beets,1008825
2012,Alberta,Triticale,19100
2013,Alberta,Triticale,16900
2014,Alberta,Triticale,17500
2015,Alberta,Triticale,14500
2016,Alberta,Triticale,30200
2017,Alberta,Triticale,23200
2018,Alberta,Triticale,32000
2019,Alberta,Triticale,29200
2020,Alberta,Triticale,21600
2021,Alberta,Triticale,19415
2022,Alberta,Triticale,23372
2012,Alberta,"Wheat, all",8368800
2013,Alberta,"Wheat, all",11329000
2014,Alberta,"Wheat, all",9372800
2015,Alberta,"Wheat, all",8290000
2016,Alberta,"Wheat, all",10106600
2017,Alberta,"Wheat, all",9980100
2018,Alberta,"Wheat, all",10006100
2019,Alberta,"Wheat, all",10263200
2020,Alberta,"Wheat, all",11041000
2021,Alberta,"Wheat, all",6374900
2022,Alberta,"Wheat, all",11343305
2012,Alberta,"Wheat, durum",732100
2013,Alberta,"Wheat, durum",870900
2014,Alberta,"Wheat, durum",707600
2015,Alberta,"Wheat, durum",816500
2016,Alberta,"Wheat, durum",1583900
2017,Alberta,"Wheat, durum",1083200
2018,Alberta,"Wheat, durum",1134100
2019,Alberta,"Wheat, durum",647300
2020,Alberta,"Wheat, durum",1324700
2021,Alberta,"Wheat, durum",598923
2022,Alberta,"Wheat, durum",1194495
2012,Alberta,"Wheat, spring",7429900
2013,Alberta,"Wheat, spring",10169600
2014,Alberta,"Wheat, spring",8369100
2015,Alberta,"Wheat, spring",7247600
2016,Alberta,"Wheat, spring",8204400
2017,Alberta,"Wheat, spring",8720000
2018,Alberta,"Wheat, spring",8771600
2019,Alberta,"Wheat, spring",9512800
2020,Alberta,"Wheat, spring",9555900
2021,Alberta,"Wheat, spring",5597900
2022,Alberta,"Wheat, spring",9963746
2012,Alberta,"Wheat, winter remaining",206800
2013,Alberta,"Wheat, winter remaining",288500
2014,Alberta,"Wheat, winter remaining",296100
2015,Alberta,"Wheat, winter remaining",225900
2016,Alberta,"Wheat, winter remaining",318400
2017,Alberta,"Wheat, winter remaining",176900
2018,Alberta,"Wheat, winter remaining",100400
2019,Alberta,"Wheat, winter remaining",103100
2020,Alberta,"Wheat, winter remaining",160400
2021,Alberta,"Wheat, winter remaining",178034
2022,Alberta,"Wheat, winter remaining",185064
2012,British Columbia,Barley,55800
2013,British Columbia,Barley,85800
2014,British Columbia,Barley,42700
2015,British Columbia,Barley,67500
2016,British Columbia,Barley,58800
2017,British Columbia,Barley,37600
2018,British Columbia,Barley,60400
2019,British Columbia,Barley,63000
2020,British Columbia,Barley,61800
2021,British Columbia,Barley,63289
2022,British Columbia,Barley,76964
2012,British Columbia,Canola (rapeseed),82800
2013,British Columbia,Canola (rapeseed),88700
2014,British Columbia,Canola (rapeseed),71900
2015,British Columbia,Canola (rapeseed),70800
2016,British Columbia,Canola (rapeseed),81600
2017,British Columbia,Canola (rapeseed),90600
2018,British Columbia,Canola (rapeseed),123900
2019,British Columbia,Canola (rapeseed),72000
2020,British Columbia,Canola (rapeseed),55900
2021,British Columbia,Canola (rapeseed),66537
2022,British Columbia,Canola (rapeseed),68975
2018,British Columbia,Corn for grain,2300
2019,British Columbia,Corn for grain,1900
2020,British Columbia,Corn for grain,6600
2021,British Columbia,Corn for grain,
2022,British Columbia,Corn for grain,11838
2012,British Columbia,Corn for silage,467200
2013,British Columbia,Corn for silage,884500
2014,British Columbia,Corn for silage,635000
2015,British Columbia,Corn for silage,571500
2016,British Columbia,Corn for silage,839100
2017,British Columbia,Corn for silage,471700
2018,British Columbia,Corn for silage,836900
2019,British Columbia,Corn for silage,598000
2020,British Columbia,Corn for silage,364000
2021,British Columbia,Corn for silage,387534
2022,British Columbia,Corn for silage,387789
2018,British Columbia,Lentils,
2019,British Columbia,Lentils,
2020,British Columbia,Lentils,
2021,British Columbia,Lentils,
2022,British Columbia,Lentils,978
2012,British Columbia,"Peas, dry",
2013,British Columbia,"Peas, dry",
2014,British Columbia,"Peas, dry",18800
2015,British Columbia,"Peas, dry",29500
2016,British Columbia,"Peas, dry",54400
2017,British Columbia,"Peas, dry",66600
2018,British Columbia,"Peas, dry",74400
2019,British Columbia,"Peas, dry",56900
2020,British Columbia,"Peas, dry",31100
2021,British Columbia,"Peas, dry",28927
2022,British Columbia,"Peas, dry",25784
2012,British Columbia,"Rye, fall remaining",
2013,British Columbia,"Rye, fall remaining",
2014,British Columbia,"Rye, fall remaining",
2015,British Columbia,"Rye, fall remaining",
2016,British Columbia,"Rye, fall remaining",
2017,British Columbia,"Rye, fall remaining",
2018,British Columbia,"Rye, fall remaining",1400
2019,British Columbia,"Rye, fall remaining",4400
2020,British Columbia,"Rye, fall remaining",900
2021,British Columbia,"Rye, fall remaining",
2022,British Columbia,"Rye, fall remaining",
2018,British Columbia,"Rye, spring",
2019,British Columbia,"Rye, spring",0
2020,British Columbia,"Rye, spring",800
2021,British Columbia,"Rye, spring",
2022,British Columbia,"Rye, spring",
2018,British Columbia,Soybeans,500
2019,British Columbia,Soybeans,
2020,British Columbia,Soybeans,0
2021,British Columbia,Soybeans,
2022,British Columbia,Soybeans,0
2018,British Columbia,Sugar beets,0
2019,British Columbia,Sugar beets,0
2020,British Columbia,Sugar beets,
2021,British Columbia,Sugar beets,
2022,British Columbia,Sugar beets,0
2018,British Columbia,Triticale,500
2019,British Columbia,Triticale,
2020,British Columbia,Triticale,
2021,British Columbia,Triticale,
2022,British Columbia,Triticale,0
2012,British Columbia,"Wheat, all",96000
2013,British Columbia,"Wheat, all",151800
2014,British Columbia,"Wheat, all",109400
2015,British Columbia,"Wheat, all",134900
2016,British Columbia,"Wheat, all",139600
2017,British Columbia,"Wheat, all",61000
2018,British Columbia,"Wheat, all",102100
2019,British Columbia,"Wheat, all",111200
2020,British Columbia,"Wheat, all",61600
2021,British Columbia,"Wheat, all",58800
2022,British Columbia,"Wheat, all",110846
2018,British Columbia,"Wheat, durum",800
2019,British Columbia,"Wheat, durum",
2020,British Columbia,"Wheat, durum",0
2021,British Columbia,"Wheat, durum",
2022,British Columbia,"Wheat, durum",2958
2012,British Columbia,"Wheat, spring",96000
2013,British Columbia,"Wheat, spring",151800
2014,British Columbia,"Wheat, spring",109400
2015,British Columbia,"Wheat, spring",134900
2016,British Columbia,"Wheat, spring",139600
2017,British Columbia,"Wheat, spring",61000
2018,British Columbia,"Wheat, spring",87100
2019,British Columbia,"Wheat, spring",95700
2020,British Columbia,"Wheat, spring",51000
2021,British Columbia,"Wheat, spring",45779
2022,British Columbia,"Wheat, spring",97436
2012,British Columbia,"Wheat, winter remaining",
2013,British Columbia,"Wheat, winter remaining",
2014,British Columbia,"Wheat, winter remaining",
2015,British Columbia,"Wheat, winter remaining",
2016,British Columbia,"Wheat, winter remaining",
2017,British Columbia,"Wheat, winter remaining",
2018,British Columbia,"Wheat, winter remaining",14200
2019,British Columbia,"Wheat, winter remaining",15500
2020,British Columbia,"Wheat, winter remaining",10600
2021,British Columbia,"Wheat, winter remaining",12240
2022,British Columbia,"Wheat, winter remaining",10453
